invoice_id,vendor_name,vendor_id,issue_date,due_date,amount,currency,status,po_number,period,department,cost_center,approver,source_system
LG-AP-00001,ColdTrail Sensors,LG-VEN-001,2026-01-03,2026-02-10,14824.8,USD,in review,,2026-01,Logistics Platform,LG-100,Controller,PayablesDesk
LG-AP-00002,GroveRoute Dispatch,LG-VEN-002,2026-01-06,2026-02-11,13339.2,USD,approved,LG-PO-07103,2026-01,Cold Chain Ops,LG-101,VP Operations,PayablesDesk
LG-AP-00003,BatchMark QA,LG-VEN-003,2026-01-09,2026-02-12,16898.88,USD,approved,LG-PO-07104,2026-01,Customer Success,LG-102,Security Lead,PayablesDesk
LG-AP-00004,HarborShelf Storage,LG-VEN-004,2026-01-12,2026-02-13,20701.44,USD,approved,LG-PO-07105,2026-01,Finance,LG-103,Revenue Ops,PayablesDesk
LG-AP-00005,PantryLedger Analytics,LG-VEN-005,2026-01-15,2026-02-14,24746.88,USD,approved,LG-PO-07106,2026-01,Security,LG-104,Controller,PayablesDesk
LG-AP-00006,ThermoSpan Monitoring,LG-VEN-006,2026-01-18,2026-02-15,24835.2,USD,approved,LG-PO-07107,2026-01,Supply Network,LG-105,VP Operations,PayablesDesk
LG-AP-00007,BrightBeam Hosting,LG-VEN-007,2026-01-21,2026-02-16,19488,USD,approved,LG-PO-07108,2026-01,Logistics Platform,LG-106,Security Lead,PayablesDesk
LG-AP-00008,PortKey Identity,LG-VEN-008,2026-01-24,2026-02-17,9317.76,USD,approved,,2026-01,Cold Chain Ops,LG-107,Revenue Ops,PayablesDesk
LG-AP-00009,Cedarline Legal,LG-VEN-009,2026-01-27,2026-02-18,18110.4,USD,approved,LG-PO-07110,2026-01,Customer Success,LG-108,Controller,PayablesDesk
LG-AP-00010,BlueTable Analytics,LG-VEN-010,2026-01-03,2026-02-19,9788.16,USD,approved,LG-PO-07111,2026-01,Finance,LG-109,VP Operations,PayablesDesk
LG-AP-00011,Riverbend Recruiting,LG-VEN-011,2026-01-06,2026-02-20,12985.9,USD,approved,LG-PO-07112,2026-01,Security,LG-110,Security Lead,PayablesDesk
LG-AP-00012,AxisWorks Facilities,LG-VEN-012,2026-01-09,2026-02-21,6337.92,USD,approved,LG-PO-07113,2026-01,Supply Network,LG-111,Revenue Ops,PayablesDesk
LG-AP-00013,SlateFox Insurance,LG-VEN-013,2026-01-12,2026-02-22,9156.48,USD,approved,LG-PO-07114,2026-01,Logistics Platform,LG-112,Controller,PayablesDesk
LG-AP-00014,SignalPeak AppSec,LG-VEN-014,2026-01-15,2026-02-23,9200,USD,approved,LG-PO-07115,2026-01,Cold Chain Ops,LG-113,VP Operations,PayablesDesk
LG-AP-00015,HelpHarbor Desk,LG-VEN-015,2026-01-18,2026-02-10,7276.32,USD,approved,,2026-01,Customer Success,LG-114,Security Lead,PayablesDesk
LG-AP-00016,CloseFrame Accounting,LG-VEN-016,2026-01-21,2026-02-11,7660.8,USD,approved,LG-PO-07117,2026-01,Finance,LG-115,Revenue Ops,PayablesDesk
LG-AP-00017,SkillHarbor Learning,LG-VEN-017,2026-01-24,2026-02-12,4658.88,USD,approved,LG-PO-07118,2026-01,Security,LG-116,Controller,PayablesDesk
LG-AP-00018,Waypost Travel Desk,LG-VEN-018,2026-01-27,2026-02-13,7470.72,USD,in review,LG-PO-07119,2026-01,Supply Network,LG-117,VP Operations,PayablesDesk
LG-AP-00019,Tundra Test Labs,LG-VEN-019,2026-01-03,2026-02-14,9224.64,USD,approved,LG-PO-07120,2026-01,Logistics Platform,LG-118,Security Lead,PayablesDesk
LG-AP-00020,VectorPoint Research,LG-VEN-020,2026-01-06,2026-02-15,13180.8,USD,approved,LG-PO-07121,2026-01,Cold Chain Ops,LG-119,Revenue Ops,PayablesDesk
LG-AP-00021,Linebird Communications,LG-VEN-021,2026-01-09,2026-02-16,5539.42,USD,approved,LG-PO-07122,2026-01,Customer Success,LG-120,Controller,PayablesDesk
LG-AP-00022,Pinehook Operations,LG-VEN-022,2026-01-12,2026-02-17,13923.84,USD,approved,,2026-01,Finance,LG-121,VP Operations,PayablesDesk
LG-AP-00023,Mossbank Data Exchange,LG-VEN-023,2026-01-15,2026-02-18,8989.44,USD,approved,LG-PO-07124,2026-01,Security,LG-122,Security Lead,PayablesDesk
LG-AP-00024,Ironleaf GRC,LG-VEN-024,2026-01-18,2026-02-19,8442.24,USD,approved,LG-PO-07125,2026-01,Supply Network,LG-123,Revenue Ops,PayablesDesk
LG-AP-00025,QuartzPay Services,LG-VEN-025,2026-01-21,2026-02-20,10113.6,USD,approved,LG-PO-07126,2026-01,Logistics Platform,LG-124,Controller,PayablesDesk
LG-AP-00026,HarborDesk Workplace,LG-VEN-026,2026-01-24,2026-02-21,5728.32,USD,approved,LG-PO-07127,2026-01,Cold Chain Ops,LG-125,VP Operations,PayablesDesk
LG-AP-00027,Northstar Design Office,LG-VEN-027,2026-01-27,2026-02-22,7241.6,USD,approved,LG-PO-07128,2026-01,Customer Success,LG-126,Security Lead,PayablesDesk
LG-AP-00028,Watchtower Metrics,LG-VEN-028,2026-01-03,2026-02-23,5688.96,USD,approved,LG-PO-07129,2026-01,Finance,LG-127,Revenue Ops,PayablesDesk
LG-AP-00029,SafeCask Backups,LG-VEN-029,2026-01-06,2026-02-10,5719.2,USD,approved,,2026-01,Security,LG-100,Controller,PayablesDesk
LG-AP-00030,KeelWorks Procurement,LG-VEN-030,2026-01-09,2026-02-11,9654.72,USD,approved,LG-PO-07131,2026-01,Supply Network,LG-101,VP Operations,PayablesDesk
LG-AP-00031,Alder QA Studio,LG-VEN-031,2026-01-12,2026-02-12,14075.04,USD,approved,LG-PO-07132,2026-01,Logistics Platform,LG-102,Security Lead,PayablesDesk
LG-AP-00032,BridgeLoop Integrations,LG-VEN-032,2026-01-15,2026-02-13,12210.24,USD,approved,LG-PO-07133,2026-01,Cold Chain Ops,LG-103,Revenue Ops,PayablesDesk
LG-AP-00033,Covefront Success Ops,LG-VEN-033,2026-01-18,2026-02-14,11327.52,USD,approved,LG-PO-07134,2026-01,Customer Success,LG-104,Controller,PayablesDesk
LG-AP-00034,PeopleField Systems,LG-VEN-034,2026-01-21,2026-02-15,8971.2,USD,approved,LG-PO-07135,2026-01,Finance,LG-105,VP Operations,PayablesDesk
LG-AP-00035,HarborShelf Storage,LG-VEN-004,2026-02-03,2026-03-10,30620.88,USD,in review,,2026-02,Cold Chain Ops,LG-101,Controller,PayablesDesk
LG-AP-00036,PantryLedger Analytics,LG-VEN-005,2026-02-06,2026-03-11,25778,USD,approved,LG-PO-07137,2026-02,Customer Success,LG-102,VP Operations,PayablesDesk
LG-AP-00037,ThermoSpan Monitoring,LG-VEN-006,2026-02-09,2026-03-12,25870,USD,approved,LG-PO-07138,2026-02,Finance,LG-103,Security Lead,PayablesDesk
LG-AP-00038,BrightBeam Hosting,LG-VEN-007,2026-02-12,2026-03-13,20300,USD,approved,LG-PO-07139,2026-02,Security,LG-104,Revenue Ops,PayablesDesk
LG-AP-00039,PortKey Identity,LG-VEN-008,2026-02-15,2026-03-14,9706,USD,approved,LG-PO-07140,2026-02,Supply Network,LG-105,Controller,PayablesDesk
LG-AP-00040,Cedarline Legal,LG-VEN-009,2026-02-18,2026-03-15,18865,USD,approved,LG-PO-07141,2026-02,Logistics Platform,LG-106,VP Operations,PayablesDesk
LG-AP-00041,BlueTable Analytics,LG-VEN-010,2026-02-21,2026-03-16,10196,USD,approved,LG-PO-07142,2026-02,Cold Chain Ops,LG-107,Security Lead,PayablesDesk
LG-AP-00042,Riverbend Recruiting,LG-VEN-011,2026-02-24,2026-03-17,9145,USD,approved,,2026-02,Customer Success,LG-108,Revenue Ops,PayablesDesk
LG-AP-00043,AxisWorks Facilities,LG-VEN-012,2026-02-27,2026-03-18,6602,USD,approved,LG-PO-07144,2026-02,Finance,LG-109,Controller,PayablesDesk
LG-AP-00044,SlateFox Insurance,LG-VEN-013,2026-02-03,2026-03-19,9538,USD,approved,LG-PO-07145,2026-02,Security,LG-110,VP Operations,PayablesDesk
LG-AP-00045,SignalPeak AppSec,LG-VEN-014,2026-02-06,2026-03-20,20412.5,USD,approved,LG-PO-07146,2026-02,Supply Network,LG-111,Security Lead,PayablesDesk
LG-AP-00046,HelpHarbor Desk,LG-VEN-015,2026-02-09,2026-03-21,7579.5,USD,approved,LG-PO-07147,2026-02,Logistics Platform,LG-112,Revenue Ops,PayablesDesk
LG-AP-00047,CloseFrame Accounting,LG-VEN-016,2026-02-12,2026-03-22,7980,USD,approved,LG-PO-07148,2026-02,Cold Chain Ops,LG-113,Controller,PayablesDesk
LG-AP-00048,SkillHarbor Learning,LG-VEN-017,2026-02-15,2026-03-23,3105.92,USD,approved,LG-PO-07149,2026-02,Customer Success,LG-114,VP Operations,PayablesDesk
LG-AP-00049,Waypost Travel Desk,LG-VEN-018,2026-02-18,2026-03-10,7782,USD,approved,,2026-02,Finance,LG-115,Security Lead,PayablesDesk
LG-AP-00050,Tundra Test Labs,LG-VEN-019,2026-02-21,2026-03-11,9609,USD,approved,LG-PO-07151,2026-02,Security,LG-116,Revenue Ops,PayablesDesk
LG-AP-00051,VectorPoint Research,LG-VEN-020,2026-02-24,2026-03-12,13730,USD,approved,LG-PO-07152,2026-02,Supply Network,LG-117,Controller,PayablesDesk
LG-AP-00052,Linebird Communications,LG-VEN-021,2026-02-27,2026-03-13,3901,USD,in review,LG-PO-07153,2026-02,Logistics Platform,LG-118,VP Operations,PayablesDesk
LG-AP-00053,Pinehook Operations,LG-VEN-022,2026-02-03,2026-03-14,14504,USD,approved,LG-PO-07154,2026-02,Cold Chain Ops,LG-119,Security Lead,PayablesDesk
LG-AP-00054,Mossbank Data Exchange,LG-VEN-023,2026-02-06,2026-03-15,9364,USD,approved,LG-PO-07155,2026-02,Customer Success,LG-120,Revenue Ops,PayablesDesk
LG-AP-00055,Ironleaf GRC,LG-VEN-024,2026-02-09,2026-03-16,12487.48,USD,approved,LG-PO-07156,2026-02,Finance,LG-121,Controller,PayablesDesk
LG-AP-00056,QuartzPay Services,LG-VEN-025,2026-02-12,2026-03-17,10535,USD,approved,,2026-02,Security,LG-122,VP Operations,PayablesDesk
LG-AP-00057,HarborDesk Workplace,LG-VEN-026,2026-02-15,2026-03-18,5967,USD,approved,LG-PO-07158,2026-02,Supply Network,LG-123,Security Lead,PayablesDesk
LG-AP-00058,Northstar Design Office,LG-VEN-027,2026-02-18,2026-03-19,11315,USD,approved,LG-PO-07159,2026-02,Logistics Platform,LG-124,Revenue Ops,PayablesDesk
LG-AP-00059,Watchtower Metrics,LG-VEN-028,2026-02-21,2026-03-20,5926,USD,approved,LG-PO-07160,2026-02,Cold Chain Ops,LG-125,Controller,PayablesDesk
LG-AP-00060,SafeCask Backups,LG-VEN-029,2026-02-24,2026-03-21,5957.5,USD,approved,LG-PO-07161,2026-02,Customer Success,LG-126,VP Operations,PayablesDesk
LG-AP-00061,KeelWorks Procurement,LG-VEN-030,2026-02-27,2026-03-22,6436.48,USD,approved,LG-PO-07162,2026-02,Finance,LG-127,Security Lead,PayablesDesk
LG-AP-00062,Alder QA Studio,LG-VEN-031,2026-02-03,2026-03-23,9912,USD,approved,LG-PO-07163,2026-02,Security,LG-100,Revenue Ops,PayablesDesk
LG-AP-00063,BridgeLoop Integrations,LG-VEN-032,2026-02-06,2026-03-10,12719,USD,approved,,2026-02,Supply Network,LG-101,Controller,PayablesDesk
LG-AP-00064,Covefront Success Ops,LG-VEN-033,2026-02-09,2026-03-11,11799.5,USD,approved,LG-PO-07165,2026-02,Logistics Platform,LG-102,VP Operations,PayablesDesk
LG-AP-00065,PeopleField Systems,LG-VEN-034,2026-02-12,2026-03-12,13269.9,USD,approved,LG-PO-07166,2026-02,Cold Chain Ops,LG-103,Security Lead,PayablesDesk
LG-AP-00066,PayRun Office,LG-VEN-035,2026-02-15,2026-03-13,7367.5,USD,approved,LG-PO-07167,2026-02,Customer Success,LG-104,Revenue Ops,PayablesDesk
LG-AP-00067,Northgate Audit Partners,LG-VEN-036,2026-02-18,2026-03-14,17400,USD,approved,LG-PO-07168,2026-02,Finance,LG-105,Controller,PayablesDesk
LG-AP-00068,RelayStack Compute,LG-VEN-037,2026-02-21,2026-03-15,9587,USD,approved,LG-PO-07169,2026-02,Security,LG-106,VP Operations,PayablesDesk
LG-AP-00069,BrightBeam Hosting,LG-VEN-007,2026-03-03,2026-04-10,28826,USD,in review,,2026-03,Customer Success,LG-102,Controller,PayablesDesk
LG-AP-00070,PortKey Identity,LG-VEN-008,2026-03-06,2026-04-11,10094.24,USD,approved,LG-PO-07171,2026-03,Finance,LG-103,VP Operations,PayablesDesk
LG-AP-00071,Cedarline Legal,LG-VEN-009,2026-03-09,2026-04-12,19619.6,USD,approved,LG-PO-07172,2026-03,Security,LG-104,Security Lead,PayablesDesk
LG-AP-00072,BlueTable Analytics,LG-VEN-010,2026-03-12,2026-04-13,10603.84,USD,approved,LG-PO-07173,2026-03,Supply Network,LG-105,Revenue Ops,PayablesDesk
LG-AP-00073,Riverbend Recruiting,LG-VEN-011,2026-03-15,2026-04-14,9510.8,USD,approved,LG-PO-07174,2026-03,Logistics Platform,LG-106,Controller,PayablesDesk
LG-AP-00074,AxisWorks Facilities,LG-VEN-012,2026-03-18,2026-04-15,6866.08,USD,approved,LG-PO-07175,2026-03,Cold Chain Ops,LG-107,VP Operations,PayablesDesk
LG-AP-00075,SlateFox Insurance,LG-VEN-013,2026-03-21,2026-04-16,9919.52,USD,approved,LG-PO-07176,2026-03,Customer Success,LG-108,Security Lead,PayablesDesk
LG-AP-00076,SignalPeak AppSec,LG-VEN-014,2026-03-24,2026-04-17,14950,USD,approved,,2026-03,Finance,LG-109,Revenue Ops,PayablesDesk
LG-AP-00077,HelpHarbor Desk,LG-VEN-015,2026-03-27,2026-04-18,7882.68,USD,approved,LG-PO-07178,2026-03,Security,LG-110,Controller,PayablesDesk
LG-AP-00078,CloseFrame Accounting,LG-VEN-016,2026-03-03,2026-04-19,8299.2,USD,approved,LG-PO-07179,2026-03,Supply Network,LG-111,VP Operations,PayablesDesk
LG-AP-00079,SkillHarbor Learning,LG-VEN-017,2026-03-06,2026-04-20,6891.26,USD,approved,LG-PO-07180,2026-03,Logistics Platform,LG-112,Security Lead,PayablesDesk
LG-AP-00080,Waypost Travel Desk,LG-VEN-018,2026-03-09,2026-04-21,8093.28,USD,approved,LG-PO-07181,2026-03,Cold Chain Ops,LG-113,Revenue Ops,PayablesDesk
LG-AP-00081,Tundra Test Labs,LG-VEN-019,2026-03-12,2026-04-22,9993.36,USD,approved,LG-PO-07182,2026-03,Customer Success,LG-114,Controller,PayablesDesk
LG-AP-00082,VectorPoint Research,LG-VEN-020,2026-03-15,2026-04-23,8787.2,USD,approved,LG-PO-07183,2026-03,Finance,LG-115,VP Operations,PayablesDesk
LG-AP-00083,Linebird Communications,LG-VEN-021,2026-03-18,2026-04-10,4057.04,USD,approved,,2026-03,Security,LG-116,Security Lead,PayablesDesk
LG-AP-00084,Pinehook Operations,LG-VEN-022,2026-03-21,2026-04-11,15084.16,USD,approved,LG-PO-07185,2026-03,Supply Network,LG-117,Revenue Ops,PayablesDesk
LG-AP-00085,Mossbank Data Exchange,LG-VEN-023,2026-03-24,2026-04-12,9738.56,USD,approved,LG-PO-07186,2026-03,Logistics Platform,LG-118,Controller,PayablesDesk
LG-AP-00086,Ironleaf GRC,LG-VEN-024,2026-03-27,2026-04-13,9145.76,USD,in review,LG-PO-07187,2026-03,Cold Chain Ops,LG-119,VP Operations,PayablesDesk
LG-AP-00087,QuartzPay Services,LG-VEN-025,2026-03-03,2026-04-14,10956.4,USD,approved,LG-PO-07188,2026-03,Customer Success,LG-120,Security Lead,PayablesDesk
LG-AP-00088,HarborDesk Workplace,LG-VEN-026,2026-03-06,2026-04-15,6205.68,USD,approved,LG-PO-07189,2026-03,Finance,LG-121,Revenue Ops,PayablesDesk
LG-AP-00089,Northstar Design Office,LG-VEN-027,2026-03-09,2026-04-16,16067.3,USD,approved,LG-PO-07190,2026-03,Security,LG-122,Controller,PayablesDesk
LG-AP-00090,Watchtower Metrics,LG-VEN-028,2026-03-12,2026-04-17,6163.04,USD,approved,,2026-03,Supply Network,LG-123,VP Operations,PayablesDesk
LG-AP-00091,SafeCask Backups,LG-VEN-029,2026-03-15,2026-04-18,6195.8,USD,approved,LG-PO-07192,2026-03,Logistics Platform,LG-124,Security Lead,PayablesDesk
LG-AP-00092,KeelWorks Procurement,LG-VEN-030,2026-03-18,2026-04-19,10459.28,USD,approved,LG-PO-07193,2026-03,Cold Chain Ops,LG-125,Revenue Ops,PayablesDesk
LG-AP-00093,Alder QA Studio,LG-VEN-031,2026-03-21,2026-04-20,10308.48,USD,approved,LG-PO-07194,2026-03,Customer Success,LG-126,Controller,PayablesDesk
LG-AP-00094,BridgeLoop Integrations,LG-VEN-032,2026-03-24,2026-04-21,13227.76,USD,approved,LG-PO-07195,2026-03,Finance,LG-127,VP Operations,PayablesDesk
LG-AP-00095,Covefront Success Ops,LG-VEN-033,2026-03-27,2026-04-22,7551.68,USD,approved,LG-PO-07196,2026-03,Security,LG-100,Security Lead,PayablesDesk
LG-AP-00096,PeopleField Systems,LG-VEN-034,2026-03-03,2026-04-23,9718.8,USD,approved,LG-PO-07197,2026-03,Supply Network,LG-101,Revenue Ops,PayablesDesk
LG-AP-00097,PayRun Office,LG-VEN-035,2026-03-06,2026-04-10,7662.2,USD,approved,,2026-03,Logistics Platform,LG-102,Controller,PayablesDesk
LG-AP-00098,Northgate Audit Partners,LG-VEN-036,2026-03-09,2026-04-11,18096,USD,approved,LG-PO-07199,2026-03,Cold Chain Ops,LG-103,VP Operations,PayablesDesk
LG-AP-00099,RelayStack Compute,LG-VEN-037,2026-03-12,2026-04-12,13613.54,USD,approved,LG-PO-07200,2026-03,Customer Success,LG-104,Security Lead,PayablesDesk
LG-AP-00100,Oakline Data Rooms,LG-VEN-038,2026-03-15,2026-04-13,4963.4,USD,approved,LG-PO-07201,2026-03,Finance,LG-105,Revenue Ops,PayablesDesk
LG-AP-00101,PaperTrail Systems,LG-VEN-039,2026-03-18,2026-04-14,5060.64,USD,approved,LG-PO-07202,2026-03,Security,LG-106,Controller,PayablesDesk
LG-AP-00102,BeaconRisk Advisory,LG-VEN-040,2026-03-21,2026-04-15,12659.92,USD,approved,LG-PO-07203,2026-03,Supply Network,LG-107,VP Operations,PayablesDesk
LG-AP-00103,BlueTable Analytics,LG-VEN-010,2026-04-03,2026-05-10,14478.32,USD,in review,,2026-04,Finance,LG-103,Controller,PayablesDesk
LG-AP-00104,Riverbend Recruiting,LG-VEN-011,2026-04-06,2026-05-11,8779.2,USD,approved,LG-PO-07205,2026-04,Security,LG-104,VP Operations,PayablesDesk
LG-AP-00105,AxisWorks Facilities,LG-VEN-012,2026-04-09,2026-05-12,6337.92,USD,approved,LG-PO-07206,2026-04,Supply Network,LG-105,Security Lead,PayablesDesk
LG-AP-00106,SlateFox Insurance,LG-VEN-013,2026-04-12,2026-05-13,9156.48,USD,approved,LG-PO-07207,2026-04,Logistics Platform,LG-106,Revenue Ops,PayablesDesk
LG-AP-00107,SignalPeak AppSec,LG-VEN-014,2026-04-15,2026-05-14,13800,USD,approved,LG-PO-07208,2026-04,Cold Chain Ops,LG-107,Controller,PayablesDesk
LG-AP-00108,HelpHarbor Desk,LG-VEN-015,2026-04-18,2026-05-15,7276.32,USD,approved,LG-PO-07209,2026-04,Customer Success,LG-108,VP Operations,PayablesDesk
LG-AP-00109,CloseFrame Accounting,LG-VEN-016,2026-04-21,2026-05-16,7660.8,USD,approved,LG-PO-07210,2026-04,Finance,LG-109,Security Lead,PayablesDesk
LG-AP-00110,SkillHarbor Learning,LG-VEN-017,2026-04-24,2026-05-17,4658.88,USD,approved,,2026-04,Security,LG-110,Revenue Ops,PayablesDesk
LG-AP-00111,Waypost Travel Desk,LG-VEN-018,2026-04-27,2026-05-18,7470.72,USD,approved,LG-PO-07212,2026-04,Supply Network,LG-111,Controller,PayablesDesk
LG-AP-00112,Tundra Test Labs,LG-VEN-019,2026-04-03,2026-05-19,9224.64,USD,approved,LG-PO-07213,2026-04,Logistics Platform,LG-112,VP Operations,PayablesDesk
LG-AP-00113,VectorPoint Research,LG-VEN-020,2026-04-06,2026-05-20,19496.6,USD,approved,LG-PO-07214,2026-04,Cold Chain Ops,LG-113,Security Lead,PayablesDesk
LG-AP-00114,Linebird Communications,LG-VEN-021,2026-04-09,2026-05-21,3744.96,USD,approved,LG-PO-07215,2026-04,Customer Success,LG-114,Revenue Ops,PayablesDesk
LG-AP-00115,Pinehook Operations,LG-VEN-022,2026-04-12,2026-05-22,13923.84,USD,approved,LG-PO-07216,2026-04,Finance,LG-115,Controller,PayablesDesk
LG-AP-00116,Mossbank Data Exchange,LG-VEN-023,2026-04-15,2026-05-23,5992.96,USD,approved,LG-PO-07217,2026-04,Security,LG-116,VP Operations,PayablesDesk
LG-AP-00117,Ironleaf GRC,LG-VEN-024,2026-04-18,2026-05-10,8442.24,USD,approved,,2026-04,Supply Network,LG-117,Security Lead,PayablesDesk
LG-AP-00118,QuartzPay Services,LG-VEN-025,2026-04-21,2026-05-11,10113.6,USD,approved,LG-PO-07219,2026-04,Logistics Platform,LG-118,Revenue Ops,PayablesDesk
LG-AP-00119,HarborDesk Workplace,LG-VEN-026,2026-04-24,2026-05-12,5728.32,USD,approved,LG-PO-07220,2026-04,Cold Chain Ops,LG-119,Controller,PayablesDesk
LG-AP-00120,Northstar Design Office,LG-VEN-027,2026-04-27,2026-05-13,10862.4,USD,in review,LG-PO-07221,2026-04,Customer Success,LG-120,VP Operations,PayablesDesk
LG-AP-00121,Watchtower Metrics,LG-VEN-028,2026-04-03,2026-05-14,5688.96,USD,approved,LG-PO-07222,2026-04,Finance,LG-121,Security Lead,PayablesDesk
LG-AP-00122,SafeCask Backups,LG-VEN-029,2026-04-06,2026-05-15,5719.2,USD,approved,LG-PO-07223,2026-04,Security,LG-122,Revenue Ops,PayablesDesk
LG-AP-00123,KeelWorks Procurement,LG-VEN-030,2026-04-09,2026-05-16,14280.94,USD,approved,LG-PO-07224,2026-04,Supply Network,LG-123,Controller,PayablesDesk
LG-AP-00124,Alder QA Studio,LG-VEN-031,2026-04-12,2026-05-17,9515.52,USD,approved,,2026-04,Logistics Platform,LG-124,VP Operations,PayablesDesk
LG-AP-00125,BridgeLoop Integrations,LG-VEN-032,2026-04-15,2026-05-18,12210.24,USD,approved,LG-PO-07226,2026-04,Cold Chain Ops,LG-125,Security Lead,PayablesDesk
LG-AP-00126,Covefront Success Ops,LG-VEN-033,2026-04-18,2026-05-19,11327.52,USD,approved,LG-PO-07227,2026-04,Customer Success,LG-126,Revenue Ops,PayablesDesk
LG-AP-00127,PeopleField Systems,LG-VEN-034,2026-04-21,2026-05-20,8971.2,USD,approved,LG-PO-07228,2026-04,Finance,LG-127,Controller,PayablesDesk
LG-AP-00128,PayRun Office,LG-VEN-035,2026-04-24,2026-05-21,7072.8,USD,approved,LG-PO-07229,2026-04,Security,LG-100,VP Operations,PayablesDesk
LG-AP-00129,Northgate Audit Partners,LG-VEN-036,2026-04-27,2026-05-22,11136,USD,approved,LG-PO-07230,2026-04,Supply Network,LG-101,Security Lead,PayablesDesk
LG-AP-00130,RelayStack Compute,LG-VEN-037,2026-04-03,2026-05-23,9203.52,USD,approved,LG-PO-07231,2026-04,Logistics Platform,LG-102,Revenue Ops,PayablesDesk
LG-AP-00131,Oakline Data Rooms,LG-VEN-038,2026-04-06,2026-05-10,4581.6,USD,approved,,2026-04,Cold Chain Ops,LG-103,Controller,PayablesDesk
LG-AP-00132,PaperTrail Systems,LG-VEN-039,2026-04-09,2026-05-11,4671.36,USD,approved,LG-PO-07233,2026-04,Customer Success,LG-104,VP Operations,PayablesDesk
LG-AP-00133,BeaconRisk Advisory,LG-VEN-040,2026-04-12,2026-05-12,17285.66,USD,approved,LG-PO-07234,2026-04,Finance,LG-105,Security Lead,PayablesDesk
LG-AP-00134,Fieldstone Research,LG-VEN-041,2026-04-15,2026-05-13,7850.88,USD,approved,LG-PO-07235,2026-04,Security,LG-106,Revenue Ops,PayablesDesk
LG-AP-00135,Brightling Locale,LG-VEN-042,2026-04-18,2026-05-14,4756.32,USD,approved,LG-PO-07236,2026-04,Supply Network,LG-107,Controller,PayablesDesk
LG-AP-00136,SummitFloor Events,LG-VEN-043,2026-04-21,2026-05-15,9038.4,USD,approved,LG-PO-07237,2026-04,Logistics Platform,LG-108,VP Operations,PayablesDesk
LG-AP-00137,SlateFox Insurance,LG-VEN-013,2026-05-03,2026-06-10,13543.96,USD,open,,2026-05,Security,LG-104,Controller,PayablesDesk
LG-AP-00138,SignalPeak AppSec,LG-VEN-014,2026-05-06,2026-06-11,14375,USD,approved,LG-PO-07239,2026-05,Supply Network,LG-105,VP Operations,PayablesDesk
LG-AP-00139,HelpHarbor Desk,LG-VEN-015,2026-05-09,2026-06-12,7579.5,USD,approved,LG-PO-07240,2026-05,Logistics Platform,LG-106,Security Lead,PayablesDesk
LG-AP-00140,CloseFrame Accounting,LG-VEN-016,2026-05-12,2026-06-13,7980,USD,approved,LG-PO-07241,2026-05,Cold Chain Ops,LG-107,Revenue Ops,PayablesDesk
LG-AP-00141,SkillHarbor Learning,LG-VEN-017,2026-05-15,2026-06-14,4853,USD,approved,LG-PO-07242,2026-05,Customer Success,LG-108,Controller,PayablesDesk
LG-AP-00142,Waypost Travel Desk,LG-VEN-018,2026-05-18,2026-06-15,7782,USD,open,LG-PO-07243,2026-05,Finance,LG-109,VP Operations,PayablesDesk
LG-AP-00143,Tundra Test Labs,LG-VEN-019,2026-05-21,2026-06-16,9609,USD,approved,LG-PO-07244,2026-05,Security,LG-110,Security Lead,PayablesDesk
LG-AP-00144,VectorPoint Research,LG-VEN-020,2026-05-24,2026-06-17,13730,USD,approved,,2026-05,Supply Network,LG-111,Revenue Ops,PayablesDesk
LG-AP-00145,Linebird Communications,LG-VEN-021,2026-05-27,2026-06-18,3901,USD,approved,LG-PO-07246,2026-05,Logistics Platform,LG-112,Controller,PayablesDesk
LG-AP-00146,Pinehook Operations,LG-VEN-022,2026-05-03,2026-06-19,14504,USD,approved,LG-PO-07247,2026-05,Cold Chain Ops,LG-113,VP Operations,PayablesDesk
LG-AP-00147,Mossbank Data Exchange,LG-VEN-023,2026-05-06,2026-06-20,13296.88,USD,open,LG-PO-07248,2026-05,Customer Success,LG-114,Security Lead,PayablesDesk
LG-AP-00148,Ironleaf GRC,LG-VEN-024,2026-05-09,2026-06-21,8794,USD,approved,LG-PO-07249,2026-05,Finance,LG-115,Revenue Ops,PayablesDesk
LG-AP-00149,QuartzPay Services,LG-VEN-025,2026-05-12,2026-06-22,10535,USD,approved,LG-PO-07250,2026-05,Security,LG-116,Controller,PayablesDesk
LG-AP-00150,HarborDesk Workplace,LG-VEN-026,2026-05-15,2026-06-23,3818.88,USD,approved,LG-PO-07251,2026-05,Supply Network,LG-117,VP Operations,PayablesDesk
LG-AP-00151,Northstar Design Office,LG-VEN-027,2026-05-18,2026-06-10,11315,USD,approved,,2026-05,Logistics Platform,LG-118,Security Lead,PayablesDesk
LG-AP-00152,Watchtower Metrics,LG-VEN-028,2026-05-21,2026-06-11,5926,USD,open,LG-PO-07253,2026-05,Cold Chain Ops,LG-119,Revenue Ops,PayablesDesk
LG-AP-00153,SafeCask Backups,LG-VEN-029,2026-05-24,2026-06-12,5957.5,USD,approved,LG-PO-07254,2026-05,Customer Success,LG-120,Controller,PayablesDesk
LG-AP-00154,KeelWorks Procurement,LG-VEN-030,2026-05-27,2026-06-13,10057,USD,in review,LG-PO-07255,2026-05,Finance,LG-121,VP Operations,PayablesDesk
LG-AP-00155,Alder QA Studio,LG-VEN-031,2026-05-03,2026-06-14,9912,USD,approved,LG-PO-07256,2026-05,Security,LG-122,Security Lead,PayablesDesk
LG-AP-00156,BridgeLoop Integrations,LG-VEN-032,2026-05-06,2026-06-15,12719,USD,approved,LG-PO-07257,2026-05,Supply Network,LG-123,Revenue Ops,PayablesDesk
LG-AP-00157,Covefront Success Ops,LG-VEN-033,2026-05-09,2026-06-16,16755.29,USD,open,LG-PO-07258,2026-05,Logistics Platform,LG-124,Controller,PayablesDesk
LG-AP-00158,PeopleField Systems,LG-VEN-034,2026-05-12,2026-06-17,9345,USD,approved,,2026-05,Cold Chain Ops,LG-125,VP Operations,PayablesDesk
LG-AP-00159,PayRun Office,LG-VEN-035,2026-05-15,2026-06-18,7367.5,USD,approved,LG-PO-07260,2026-05,Customer Success,LG-126,Security Lead,PayablesDesk
LG-AP-00160,Northgate Audit Partners,LG-VEN-036,2026-05-18,2026-06-19,17400,USD,approved,LG-PO-07261,2026-05,Finance,LG-127,Revenue Ops,PayablesDesk
LG-AP-00161,RelayStack Compute,LG-VEN-037,2026-05-21,2026-06-20,9587,USD,approved,LG-PO-07262,2026-05,Security,LG-100,Controller,PayablesDesk
LG-AP-00162,Oakline Data Rooms,LG-VEN-038,2026-05-24,2026-06-21,4772.5,USD,open,LG-PO-07263,2026-05,Supply Network,LG-101,VP Operations,PayablesDesk
LG-AP-00163,PaperTrail Systems,LG-VEN-039,2026-05-27,2026-06-22,3114.24,USD,approved,LG-PO-07264,2026-05,Logistics Platform,LG-102,Security Lead,PayablesDesk
LG-AP-00164,BeaconRisk Advisory,LG-VEN-040,2026-05-03,2026-06-23,12173,USD,approved,LG-PO-07265,2026-05,Cold Chain Ops,LG-103,Revenue Ops,PayablesDesk
LG-AP-00165,Fieldstone Research,LG-VEN-041,2026-05-06,2026-06-10,8178,USD,approved,,2026-05,Customer Success,LG-104,Controller,PayablesDesk
LG-AP-00166,Brightling Locale,LG-VEN-042,2026-05-09,2026-06-11,4954.5,USD,approved,LG-PO-07267,2026-05,Finance,LG-105,VP Operations,PayablesDesk
LG-AP-00167,SummitFloor Events,LG-VEN-043,2026-05-12,2026-06-12,13369.3,USD,open,LG-PO-07268,2026-05,Security,LG-106,Security Lead,PayablesDesk
LG-AP-00168,Warehouse Nine Services,LG-VEN-044,2026-05-15,2026-06-13,17763.5,USD,approved,LG-PO-07269,2026-05,Supply Network,LG-107,Revenue Ops,PayablesDesk
LG-AP-00169,NorthFork ETL,LG-VEN-045,2026-05-18,2026-06-14,12664,USD,approved,LG-PO-07270,2026-05,Logistics Platform,LG-108,Controller,PayablesDesk
LG-AP-00170,PatchHarbor Response,LG-VEN-046,2026-05-21,2026-06-15,8568,USD,approved,LG-PO-07271,2026-05,Cold Chain Ops,LG-109,VP Operations,PayablesDesk
LG-AP-00171,CloseFrame Accounting,LG-VEN-016,2026-06-03,2026-06-10,11331.6,USD,open,,2026-06,Supply Network,LG-105,Controller,PayablesDesk
LG-AP-00172,SkillHarbor Learning,LG-VEN-017,2026-06-06,2026-06-11,5047.12,USD,approved,LG-PO-07273,2026-06,Logistics Platform,LG-106,VP Operations,PayablesDesk
LG-AP-00173,Waypost Travel Desk,LG-VEN-018,2026-06-09,2026-06-12,8093.28,USD,approved,LG-PO-07274,2026-06,Cold Chain Ops,LG-107,Security Lead,PayablesDesk
LG-AP-00174,Tundra Test Labs,LG-VEN-019,2026-06-12,2026-06-13,9993.36,USD,approved,LG-PO-07275,2026-06,Customer Success,LG-108,Revenue Ops,PayablesDesk
LG-AP-00175,VectorPoint Research,LG-VEN-020,2026-06-15,2026-06-14,14279.2,USD,approved,LG-PO-07276,2026-06,Finance,LG-109,Controller,PayablesDesk
LG-AP-00176,Linebird Communications,LG-VEN-021,2026-06-18,2026-06-15,4057.04,USD,open,LG-PO-07277,2026-06,Security,LG-110,VP Operations,PayablesDesk
LG-AP-00177,Pinehook Operations,LG-VEN-022,2026-06-21,2026-06-16,15084.16,USD,approved,LG-PO-07278,2026-06,Supply Network,LG-111,Security Lead,PayablesDesk
LG-AP-00178,Mossbank Data Exchange,LG-VEN-023,2026-06-24,2026-06-17,9738.56,USD,approved,,2026-06,Logistics Platform,LG-112,Revenue Ops,PayablesDesk
LG-AP-00179,Ironleaf GRC,LG-VEN-024,2026-06-27,2026-06-18,9145.76,USD,approved,LG-PO-07280,2026-06,Cold Chain Ops,LG-113,Controller,PayablesDesk
LG-AP-00180,QuartzPay Services,LG-VEN-025,2026-06-03,2026-06-19,10956.4,USD,approved,LG-PO-07281,2026-06,Customer Success,LG-114,VP Operations,PayablesDesk
LG-AP-00181,HarborDesk Workplace,LG-VEN-026,2026-06-06,2026-06-20,8473.14,USD,open,LG-PO-07282,2026-06,Finance,LG-115,Security Lead,PayablesDesk
LG-AP-00182,Northstar Design Office,LG-VEN-027,2026-06-09,2026-06-21,11767.6,USD,approved,LG-PO-07283,2026-06,Security,LG-116,Revenue Ops,PayablesDesk
LG-AP-00183,Watchtower Metrics,LG-VEN-028,2026-06-12,2026-06-22,6163.04,USD,approved,LG-PO-07284,2026-06,Supply Network,LG-117,Controller,PayablesDesk
LG-AP-00184,SafeCask Backups,LG-VEN-029,2026-06-15,2026-06-23,3812.8,USD,approved,LG-PO-07285,2026-06,Logistics Platform,LG-118,VP Operations,PayablesDesk
LG-AP-00185,KeelWorks Procurement,LG-VEN-030,2026-06-18,2026-06-10,10459.28,USD,approved,,2026-06,Cold Chain Ops,LG-119,Security Lead,PayablesDesk
LG-AP-00186,Alder QA Studio,LG-VEN-031,2026-06-21,2026-06-11,10308.48,USD,open,LG-PO-07287,2026-06,Customer Success,LG-120,Revenue Ops,PayablesDesk
LG-AP-00187,BridgeLoop Integrations,LG-VEN-032,2026-06-24,2026-06-12,13227.76,USD,approved,LG-PO-07288,2026-06,Finance,LG-121,Controller,PayablesDesk
LG-AP-00188,Covefront Success Ops,LG-VEN-033,2026-06-27,2026-06-13,12271.48,USD,in review,LG-PO-07289,2026-06,Security,LG-122,VP Operations,PayablesDesk
LG-AP-00189,PeopleField Systems,LG-VEN-034,2026-06-03,2026-06-14,9718.8,USD,approved,LG-PO-07290,2026-06,Supply Network,LG-123,Security Lead,PayablesDesk
LG-AP-00190,PayRun Office,LG-VEN-035,2026-06-06,2026-06-15,7662.2,USD,approved,LG-PO-07291,2026-06,Logistics Platform,LG-124,Revenue Ops,PayablesDesk
LG-AP-00191,Northgate Audit Partners,LG-VEN-036,2026-06-09,2026-06-16,24708,USD,open,LG-PO-07292,2026-06,Cold Chain Ops,LG-125,Controller,PayablesDesk
LG-AP-00192,RelayStack Compute,LG-VEN-037,2026-06-12,2026-06-17,9970.48,USD,approved,,2026-06,Customer Success,LG-126,VP Operations,PayablesDesk
LG-AP-00193,Oakline Data Rooms,LG-VEN-038,2026-06-15,2026-06-18,4963.4,USD,approved,LG-PO-07294,2026-06,Finance,LG-127,Security Lead,PayablesDesk
LG-AP-00194,PaperTrail Systems,LG-VEN-039,2026-06-18,2026-06-19,5060.64,USD,approved,LG-PO-07295,2026-06,Security,LG-100,Revenue Ops,PayablesDesk
LG-AP-00195,BeaconRisk Advisory,LG-VEN-040,2026-06-21,2026-06-20,12659.92,USD,approved,LG-PO-07296,2026-06,Supply Network,LG-101,Controller,PayablesDesk
LG-AP-00196,Fieldstone Research,LG-VEN-041,2026-06-24,2026-06-21,8505.12,USD,open,LG-PO-07297,2026-06,Logistics Platform,LG-102,VP Operations,PayablesDesk
LG-AP-00197,Brightling Locale,LG-VEN-042,2026-06-27,2026-06-22,3170.88,USD,approved,LG-PO-07298,2026-06,Cold Chain Ops,LG-103,Security Lead,PayablesDesk
LG-AP-00198,SummitFloor Events,LG-VEN-043,2026-06-03,2026-06-23,9791.6,USD,approved,LG-PO-07299,2026-06,Customer Success,LG-104,Revenue Ops,PayablesDesk
LG-AP-00199,Warehouse Nine Services,LG-VEN-044,2026-06-06,2026-06-10,18474.04,USD,approved,,2026-06,Finance,LG-105,Controller,PayablesDesk
LG-AP-00200,NorthFork ETL,LG-VEN-045,2026-06-09,2026-06-11,13170.56,USD,approved,LG-PO-07301,2026-06,Security,LG-106,VP Operations,PayablesDesk
LG-AP-00201,PatchHarbor Response,LG-VEN-046,2026-06-12,2026-06-12,12166.56,USD,open,LG-PO-07302,2026-06,Supply Network,LG-107,Security Lead,PayablesDesk
LG-AP-00202,LeadMesa Studio,LG-VEN-047,2026-06-15,2026-06-13,9614.8,USD,approved,LG-PO-07303,2026-06,Logistics Platform,LG-108,Revenue Ops,PayablesDesk
LG-AP-00203,ChartRiver BI,LG-VEN-048,2026-06-18,2026-06-14,6653.92,USD,approved,LG-PO-07304,2026-06,Cold Chain Ops,LG-109,Controller,PayablesDesk
LG-AP-00204,CrateBridge Storage,LG-VEN-049,2026-06-21,2026-06-15,6871.8,USD,approved,LG-PO-07305,2026-06,Customer Success,LG-110,VP Operations,PayablesDesk
LG-AP-00205,PortKey Identity,LG-VEN-008,2026-01-12,2026-02-15,22323.8,USD,open,LG-PO-08300,2026-01,Logistics Platform,LG-160,CFO delegate,PayablesDesk
LG-AP-00206,SlateFox Insurance,LG-VEN-013,2026-02-15,2026-03-18,25275.7,USD,approved,LG-PO-08301,2026-02,Cold Chain Ops,LG-161,CFO delegate,PayablesDesk
LG-AP-00207,Waypost Travel Desk,LG-VEN-018,2026-03-18,2026-04-21,23346,USD,approved,LG-PO-08302,2026-03,Customer Success,LG-162,CFO delegate,PayablesDesk
LG-AP-00208,Mossbank Data Exchange,LG-VEN-023,2026-04-21,2026-05-24,31369.4,USD,open,LG-PO-08303,2026-04,Finance,LG-163,CFO delegate,PayablesDesk
LG-AP-00209,Watchtower Metrics,LG-VEN-028,2026-05-24,2026-06-27,13629.8,USD,approved,LG-PO-08304,2026-05,Security,LG-164,CFO delegate,PayablesDesk
LG-AP-00210,Covefront Success Ops,LG-VEN-033,2026-06-27,2026-01-03,31268.68,USD,approved,LG-PO-08305,2026-06,Supply Network,LG-165,CFO delegate,PayablesDesk
LG-AP-00211,Oakline Data Rooms,LG-VEN-038,2026-01-03,2026-02-06,14317.5,USD,open,LG-PO-08306,2026-01,Logistics Platform,LG-166,CFO delegate,PayablesDesk
LG-AP-00212,SummitFloor Events,LG-VEN-043,2026-02-06,2026-03-09,31540.25,USD,approved,LG-PO-08307,2026-02,Cold Chain Ops,LG-167,CFO delegate,PayablesDesk
LG-AP-00213,ChartRiver BI,LG-VEN-048,2026-03-09,2026-04-12,14715.4,USD,approved,LG-PO-08308,2026-03,Customer Success,LG-168,CFO delegate,PayablesDesk
LG-AP-00214,SignalBirch Analytics,LG-VEN-053,2026-04-12,2026-05-15,22499.83,USD,open,LG-PO-08309,2026-04,Finance,LG-169,CFO delegate,PayablesDesk
LG-AP-00215,HarborShelf Storage,LG-VEN-058,2026-05-15,2026-06-18,62067,USD,approved,LG-PO-08310,2026-05,Security,LG-170,CFO delegate,PayablesDesk
LG-AP-00216,PantryLedger Analytics,LG-VEN-005,2026-06-18,2026-01-21,86356.3,USD,approved,LG-PO-08311,2026-06,Supply Network,LG-171,CFO delegate,PayablesDesk
LG-AP-00217,BlueTable Analytics,LG-VEN-010,2026-01-21,2026-02-24,23450.8,USD,open,LG-PO-08312,2026-01,Logistics Platform,LG-172,CFO delegate,PayablesDesk
LG-AP-00218,HelpHarbor Desk,LG-VEN-015,2026-02-24,2026-03-27,20085.68,USD,approved,LG-PO-08313,2026-02,Cold Chain Ops,LG-173,CFO delegate,PayablesDesk
LG-AP-00219,VectorPoint Research,LG-VEN-020,2026-03-27,2026-04-03,41190,USD,approved,LG-PO-08314,2026-03,Customer Success,LG-174,CFO delegate,PayablesDesk
LG-AP-00220,QuartzPay Services,LG-VEN-025,2026-04-03,2026-05-06,35292.25,USD,open,LG-PO-08315,2026-04,Finance,LG-175,CFO delegate,PayablesDesk
LG-AP-00221,KeelWorks Procurement,LG-VEN-030,2026-05-06,2026-06-09,23131.1,USD,approved,LG-PO-08316,2026-05,Security,LG-176,CFO delegate,PayablesDesk
LG-AP-00222,PayRun Office,LG-VEN-035,2026-06-09,2026-01-12,19523.88,USD,approved,LG-PO-08317,2026-06,Supply Network,LG-177,CFO delegate,PayablesDesk
LG-AP-00223,BeaconRisk Advisory,LG-VEN-040,2026-01-12,2026-02-15,36519,USD,open,LG-PO-08318,2026-01,Logistics Platform,LG-178,CFO delegate,PayablesDesk
LG-AP-00224,NorthFork ETL,LG-VEN-045,2026-02-15,2026-03-18,42424.4,USD,approved,LG-PO-08319,2026-02,Cold Chain Ops,LG-160,CFO delegate,PayablesDesk
LG-AP-00225,Benchline Devices,LG-VEN-050,2026-03-18,2026-04-21,40912.4,USD,approved,LG-PO-08320,2026-03,Customer Success,LG-161,CFO delegate,PayablesDesk
LG-AP-00226,ColdTrail Sensors,LG-VEN-055,2026-04-21,2026-05-24,36941,USD,open,LG-PO-08321,2026-04,Finance,LG-162,CFO delegate,PayablesDesk
LG-AP-00227,GroveRoute Dispatch,LG-VEN-002,2026-05-24,2026-06-27,41685,USD,approved,LG-PO-08322,2026-05,Security,LG-163,CFO delegate,PayablesDesk
LG-AP-00228,BrightBeam Hosting,LG-VEN-007,2026-06-27,2026-01-03,68005,USD,approved,LG-PO-08323,2026-06,Supply Network,LG-164,CFO delegate,PayablesDesk
LG-AP-00229,Expense card clearing,LG-TEMP-001,2026-03-18,2026-04-21,4800,USD,open,,2026-03,Customer Success,LG-EXC,missing,PayablesDesk
LG-AP-00230,Local courier reimbursements,LG-TEMP-002,2026-04-21,2026-05-24,6150,USD,in review,,2026-04,Finance,LG-EXC,missing,PayablesDesk
LG-AP-00231,One-off data purchase,LG-TEMP-003,2026-05-24,2026-06-27,7500,USD,open,,2026-05,Security,LG-EXC,missing,PayablesDesk
LG-AP-00232,Emergency contractor desk,LG-TEMP-004,2026-06-27,2026-04-03,8850,USD,in review,,2026-06,Supply Network,LG-EXC,missing,PayablesDesk
LG-AP-00233,Workshop venue deposit,LG-TEMP-005,2026-03-03,2026-05-06,10200,USD,open,,2026-03,Logistics Platform,LG-EXC,missing,PayablesDesk
LG-AP-00234,Expense card clearing,LG-TEMP-006,2026-04-06,2026-06-09,11550,USD,in review,,2026-04,Cold Chain Ops,LG-EXC,missing,PayablesDesk
LG-AP-00235,Local courier reimbursements,LG-TEMP-007,2026-05-09,2026-04-12,12900,USD,open,,2026-05,Customer Success,LG-EXC,missing,PayablesDesk
LG-AP-00236,One-off data purchase,LG-TEMP-008,2026-06-12,2026-05-15,14250,USD,in review,,2026-06,Finance,LG-EXC,missing,PayablesDesk
LG-AP-00237,Emergency contractor desk,LG-TEMP-009,2026-03-15,2026-06-18,15600,USD,open,,2026-03,Security,LG-EXC,missing,PayablesDesk
LG-AP-00238,Workshop venue deposit,LG-TEMP-010,2026-04-18,2026-04-21,16950,USD,in review,,2026-04,Supply Network,LG-EXC,missing,PayablesDesk
LG-AP-00239,Expense card clearing,LG-TEMP-011,2026-05-21,2026-05-24,18300,USD,open,,2026-05,Logistics Platform,LG-EXC,missing,PayablesDesk
LG-AP-00240,Local courier reimbursements,LG-TEMP-012,2026-06-24,2026-06-27,19650,USD,in review,,2026-06,Cold Chain Ops,LG-EXC,missing,PayablesDesk
