txn_id,date,account,description,amount,currency,category,vendor_id,vendor_name,source_system,department,cost_center
HF-GL-00001,2026-01-06,4000 Revenue,HelioForge Energy Systems customer receipt - Sunvale Municipal Power North region,64800,USD,revenue,,,CloudLedger,Revenue,HF-REV
HF-GL-00002,2026-01-09,4000 Revenue,HelioForge Energy Systems customer receipt - Cinder Ridge Storage North region,77400,USD,revenue,,,CloudLedger,Revenue,HF-REV
HF-GL-00003,2026-01-12,4000 Revenue,HelioForge Energy Systems customer receipt - Northbay Microgrid North region,90000,USD,revenue,,,CloudLedger,Revenue,HF-REV
HF-GL-00004,2026-01-15,4000 Revenue,HelioForge Energy Systems customer receipt - Weldon Utility Labs North region,102600,USD,revenue,,,CloudLedger,Revenue,HF-REV
HF-GL-00005,2026-01-18,4000 Revenue,HelioForge Energy Systems customer receipt - Copper Mesa Energy North region,115200,USD,revenue,,,CloudLedger,Revenue,HF-REV
HF-GL-00006,2026-01-09,6000 Payroll,HelioForge Energy Systems payroll batch 1,-117300,USD,payroll,,,CloudLedger,People,HF-PAY
HF-GL-00007,2026-01-12,6000 Payroll,HelioForge Energy Systems payroll batch 2,-126480,USD,payroll,,,CloudLedger,People,HF-PAY
HF-GL-00008,2026-01-15,6000 Payroll,HelioForge Energy Systems payroll batch 3,-135660,USD,payroll,,,CloudLedger,People,HF-PAY
HF-GL-00009,2026-01-18,6000 Payroll,HelioForge Energy Systems payroll batch 4,-144840,USD,payroll,,,CloudLedger,People,HF-PAY
HF-GL-00010,2026-01-12,6510 Infrastructure,ArrayPoint Calibration payment for 2026-01,-13363.2,USD,Field Operations,HF-VEN-001,ArrayPoint Calibration,CloudLedger,Field Operations,HF-200
HF-GL-00011,2026-01-15,6520 Professional Services,WattBridge Telemetry payment for 2026-01,-13895,USD,Energy Platform,HF-VEN-002,WattBridge Telemetry,CloudLedger,Energy Platform,HF-201
HF-GL-00012,2026-01-18,6530 Security,FieldNest Dispatch payment for 2026-01,-17603,USD,Hardware,HF-VEN-003,FieldNest Dispatch,CloudLedger,Hardware,HF-202
HF-GL-00013,2026-01-21,6540 Operations,HelioCore Components payment for 2026-01,-21564,USD,Finance,HF-VEN-004,HelioCore Components,CloudLedger,Finance,HF-203
HF-GL-00014,2026-01-24,6550 Software,TurbineDesk Analytics payment for 2026-01,-25778,USD,Security,HF-VEN-005,TurbineDesk Analytics,CloudLedger,Security,HF-204
HF-GL-00015,2026-01-27,6510 Infrastructure,FuseLine Security payment for 2026-01,-25870,USD,Market Expansion,HF-VEN-006,FuseLine Security,CloudLedger,Market Expansion,HF-205
HF-GL-00016,2026-01-03,6520 Professional Services,BrightBeam Hosting payment for 2026-01,-20300,USD,Cloud,HF-VEN-007,BrightBeam Hosting,CloudLedger,Field Operations,HF-206
HF-GL-00017,2026-01-06,6530 Security,PortKey Identity payment for 2026-01,-9706,USD,Identity,HF-VEN-008,PortKey Identity,CloudLedger,Energy Platform,HF-207
HF-GL-00018,2026-01-09,6540 Operations,Cedarline Legal payment for 2026-01,-18865,USD,Legal,HF-VEN-009,Cedarline Legal,CloudLedger,Hardware,HF-208
HF-GL-00019,2026-01-12,6550 Software,BlueTable Analytics payment for 2026-01,-10196,USD,Data,HF-VEN-010,BlueTable Analytics,CloudLedger,Finance,HF-209
HF-GL-00020,2026-01-15,6510 Infrastructure,Riverbend Recruiting payment for 2026-01,-11705.6,USD,Recruiting,HF-VEN-011,Riverbend Recruiting,CloudLedger,Security,HF-210
HF-GL-00021,2026-01-18,6520 Professional Services,AxisWorks Facilities payment for 2026-01,-6602,USD,Facilities,HF-VEN-012,AxisWorks Facilities,CloudLedger,Market Expansion,HF-211
HF-GL-00022,2026-01-21,6530 Security,SlateFox Insurance payment for 2026-01,-9538,USD,Insurance,HF-VEN-013,SlateFox Insurance,CloudLedger,Field Operations,HF-212
HF-GL-00023,2026-01-24,6540 Operations,SignalPeak AppSec payment for 2026-01,-14375,USD,Security,HF-VEN-014,SignalPeak AppSec,CloudLedger,Energy Platform,HF-213
HF-GL-00024,2026-01-27,6550 Software,HelpHarbor Desk payment for 2026-01,-7579.5,USD,Support,HF-VEN-015,HelpHarbor Desk,CloudLedger,Hardware,HF-214
HF-GL-00025,2026-01-03,6510 Infrastructure,CloseFrame Accounting payment for 2026-01,-7980,USD,Finance,HF-VEN-016,CloseFrame Accounting,CloudLedger,Finance,HF-215
HF-GL-00026,2026-01-06,6520 Professional Services,SkillHarbor Learning payment for 2026-01,-4853,USD,Training,HF-VEN-017,SkillHarbor Learning,CloudLedger,Security,HF-216
HF-GL-00027,2026-01-09,6530 Security,Waypost Travel Desk payment for 2026-01,-7782,USD,Travel,HF-VEN-018,Waypost Travel Desk,CloudLedger,Market Expansion,HF-217
HF-GL-00028,2026-01-12,6540 Operations,Tundra Test Labs payment for 2026-01,-9609,USD,Device,HF-VEN-019,Tundra Test Labs,CloudLedger,Field Operations,HF-218
HF-GL-00029,2026-01-15,6550 Software,VectorPoint Research payment for 2026-01,-13730,USD,Research,HF-VEN-020,VectorPoint Research,CloudLedger,Energy Platform,HF-219
HF-GL-00030,2026-01-18,6510 Infrastructure,Linebird Communications payment for 2026-01,-4993.28,USD,Comms,HF-VEN-021,Linebird Communications,CloudLedger,Hardware,HF-220
HF-GL-00031,2026-01-21,6520 Professional Services,Pinehook Operations payment for 2026-01,-14504,USD,Ops,HF-VEN-022,Pinehook Operations,CloudLedger,Finance,HF-221
HF-GL-00032,2026-01-24,6530 Security,Mossbank Data Exchange payment for 2026-01,-9364,USD,Data,HF-VEN-023,Mossbank Data Exchange,CloudLedger,Security,HF-222
HF-GL-00033,2026-01-27,6540 Operations,Ironleaf GRC payment for 2026-01,-8794,USD,Security,HF-VEN-024,Ironleaf GRC,CloudLedger,Market Expansion,HF-223
HF-GL-00034,2026-01-03,6550 Software,QuartzPay Services payment for 2026-01,-10535,USD,Payments,HF-VEN-025,QuartzPay Services,CloudLedger,Field Operations,HF-224
HF-GL-00035,2026-01-06,6510 Infrastructure,HarborDesk Workplace payment for 2026-01,-5967,USD,Facilities,HF-VEN-026,HarborDesk Workplace,CloudLedger,Energy Platform,HF-225
HF-GL-00036,2026-01-09,6520 Professional Services,Northstar Design Office payment for 2026-01,-11315,USD,Design,HF-VEN-027,Northstar Design Office,CloudLedger,Hardware,HF-226
HF-GL-00037,2026-01-12,6530 Security,Watchtower Metrics payment for 2026-01,-5926,USD,Monitoring,HF-VEN-028,Watchtower Metrics,CloudLedger,Finance,HF-227
HF-GL-00038,2026-01-15,6540 Operations,SafeCask Backups payment for 2026-01,-5957.5,USD,Backup,HF-VEN-029,SafeCask Backups,CloudLedger,Security,HF-228
HF-GL-00039,2026-01-18,6550 Software,KeelWorks Procurement payment for 2026-01,-10057,USD,Procurement,HF-VEN-030,KeelWorks Procurement,CloudLedger,Market Expansion,HF-229
HF-GL-00040,2026-01-21,6510 Infrastructure,Alder QA Studio payment for 2026-01,-12687.36,USD,QA,HF-VEN-031,Alder QA Studio,CloudLedger,Field Operations,HF-230
HF-GL-00041,2026-01-24,6520 Professional Services,BridgeLoop Integrations payment for 2026-01,-12719,USD,Integration,HF-VEN-032,BridgeLoop Integrations,CloudLedger,Energy Platform,HF-231
HF-GL-00042,2026-01-27,6530 Security,Covefront Success Ops payment for 2026-01,-11799.5,USD,Customer,HF-VEN-033,Covefront Success Ops,CloudLedger,Hardware,HF-232
HF-GL-00043,2026-01-03,6540 Operations,PeopleField Systems payment for 2026-01,-9345,USD,HR,HF-VEN-034,PeopleField Systems,CloudLedger,Finance,HF-233
HF-GL-00044,2026-01-15,6100 Rent,Office and lab rent,-42000,USD,rent,,,CloudLedger,Field Operations,HF-240
HF-GL-00045,2026-01-18,6110 Benefits,Benefits clearing,-68500,USD,benefits,,,CloudLedger,Energy Platform,HF-241
HF-GL-00046,2026-01-21,6120 Taxes,Payroll taxes,-38200,USD,taxes,,,CloudLedger,Hardware,HF-242
HF-GL-00047,2026-01-24,6600 Travel,Customer travel,-14800,USD,travel,,,CloudLedger,Finance,HF-243
HF-GL-00048,2026-01-27,6610 Meals,Team meals and meetings,-6200,USD,meals,,,CloudLedger,Security,HF-244
HF-GL-00049,2026-01-03,6620 Equipment,Laptop and device purchases,-24800,USD,equipment,,,CloudLedger,Market Expansion,HF-245
HF-GL-00050,2026-01-06,6630 Fees,Bank and payment fees,-7300,USD,fees,,,CloudLedger,Field Operations,HF-246
HF-GL-00051,2026-01-09,6640 Refunds,Customer credit memo,-9600,USD,refunds,,,CloudLedger,Energy Platform,HF-247
HF-GL-00052,2026-01-12,6650 Training,Training and enablement,-5400,USD,training,,,CloudLedger,Hardware,HF-248
HF-GL-00053,2026-01-15,6660 Contractors,Short-term contractor pool,-31800,USD,contractors,,,CloudLedger,Finance,HF-249
HF-GL-00054,2026-01-18,6670 Data,External dataset purchase,-15800,USD,data,,,CloudLedger,Security,HF-250
HF-GL-00055,2026-01-21,6680 Events,Field workshop expense,-17600,USD,events,,,CloudLedger,Market Expansion,HF-251
HF-GL-00056,2026-01-24,6690 FX,Foreign exchange adjustment,1800,USD,fx,,,CloudLedger,Field Operations,HF-252
HF-GL-00057,2026-01-27,6700 Accrual,Month-end accrual reversal,-11200,USD,accrual,,,CloudLedger,Energy Platform,HF-253
HF-GL-00058,2026-01-03,6710 Tax Credit,Research credit receipt,22500,USD,tax credit,,,CloudLedger,Hardware,HF-254
HF-GL-00059,2026-01-06,6720 Interest,Bank interest,1900,USD,interest,,,CloudLedger,Finance,HF-255
HF-GL-00060,2026-02-06,4000 Revenue,HelioForge Energy Systems customer receipt - Cinder Ridge Storage North region,67320,USD,revenue,,,CloudLedger,Revenue,HF-REV
HF-GL-00061,2026-02-09,4000 Revenue,HelioForge Energy Systems customer receipt - Northbay Microgrid North region,79920,USD,revenue,,,CloudLedger,Revenue,HF-REV
HF-GL-00062,2026-02-12,4000 Revenue,HelioForge Energy Systems customer receipt - Weldon Utility Labs North region,92520,USD,revenue,,,CloudLedger,Revenue,HF-REV
HF-GL-00063,2026-02-15,4000 Revenue,HelioForge Energy Systems customer receipt - Copper Mesa Energy North region,105120,USD,revenue,,,CloudLedger,Revenue,HF-REV
HF-GL-00064,2026-02-18,4000 Revenue,HelioForge Energy Systems customer receipt - Sunvale Municipal Power Enterprise,117720,USD,revenue,,,CloudLedger,Revenue,HF-REV
HF-GL-00065,2026-02-09,6000 Payroll,HelioForge Energy Systems payroll batch 1,-120360,USD,payroll,,,CloudLedger,People,HF-PAY
HF-GL-00066,2026-02-12,6000 Payroll,HelioForge Energy Systems payroll batch 2,-129540,USD,payroll,,,CloudLedger,People,HF-PAY
HF-GL-00067,2026-02-15,6000 Payroll,HelioForge Energy Systems payroll batch 3,-138720,USD,payroll,,,CloudLedger,People,HF-PAY
HF-GL-00068,2026-02-18,6000 Payroll,HelioForge Energy Systems payroll batch 4,-147900,USD,payroll,,,CloudLedger,People,HF-PAY
HF-GL-00069,2026-02-12,6510 Infrastructure,HelioCore Components payment for 2026-02,-27601.92,USD,Finance,HF-VEN-004,HelioCore Components,CloudLedger,Energy Platform,HF-201
HF-GL-00070,2026-02-15,6520 Professional Services,TurbineDesk Analytics payment for 2026-02,-26551.34,USD,Security,HF-VEN-005,TurbineDesk Analytics,CloudLedger,Hardware,HF-202
HF-GL-00071,2026-02-18,6530 Security,FuseLine Security payment for 2026-02,-26646.1,USD,Market Expansion,HF-VEN-006,FuseLine Security,CloudLedger,Finance,HF-203
HF-GL-00072,2026-02-21,6540 Operations,BrightBeam Hosting payment for 2026-02,-20909,USD,Cloud,HF-VEN-007,BrightBeam Hosting,CloudLedger,Security,HF-204
HF-GL-00073,2026-02-24,6550 Software,PortKey Identity payment for 2026-02,-9997.18,USD,Identity,HF-VEN-008,PortKey Identity,CloudLedger,Market Expansion,HF-205
HF-GL-00074,2026-02-27,6510 Infrastructure,Cedarline Legal payment for 2026-02,-19430.95,USD,Legal,HF-VEN-009,Cedarline Legal,CloudLedger,Field Operations,HF-206
HF-GL-00075,2026-02-03,6520 Professional Services,BlueTable Analytics payment for 2026-02,-10501.88,USD,Data,HF-VEN-010,BlueTable Analytics,CloudLedger,Energy Platform,HF-207
HF-GL-00076,2026-02-06,6530 Security,Riverbend Recruiting payment for 2026-02,-9419.35,USD,Recruiting,HF-VEN-011,Riverbend Recruiting,CloudLedger,Hardware,HF-208
HF-GL-00077,2026-02-09,6540 Operations,AxisWorks Facilities payment for 2026-02,-6800.06,USD,Facilities,HF-VEN-012,AxisWorks Facilities,CloudLedger,Finance,HF-209
HF-GL-00078,2026-02-12,6550 Software,SlateFox Insurance payment for 2026-02,-9824.14,USD,Insurance,HF-VEN-013,SlateFox Insurance,CloudLedger,Security,HF-210
HF-GL-00079,2026-02-15,6510 Infrastructure,SignalPeak AppSec payment for 2026-02,-18400,USD,Security,HF-VEN-014,SignalPeak AppSec,CloudLedger,Market Expansion,HF-211
HF-GL-00080,2026-02-18,6520 Professional Services,HelpHarbor Desk payment for 2026-02,-7806.88,USD,Support,HF-VEN-015,HelpHarbor Desk,CloudLedger,Field Operations,HF-212
HF-GL-00081,2026-02-21,6530 Security,CloseFrame Accounting payment for 2026-02,-8219.4,USD,Finance,HF-VEN-016,CloseFrame Accounting,CloudLedger,Energy Platform,HF-213
HF-GL-00082,2026-02-24,6540 Operations,SkillHarbor Learning payment for 2026-02,-4998.59,USD,Training,HF-VEN-017,SkillHarbor Learning,CloudLedger,Hardware,HF-214
HF-GL-00083,2026-02-27,6550 Software,Waypost Travel Desk payment for 2026-02,-8015.46,USD,Travel,HF-VEN-018,Waypost Travel Desk,CloudLedger,Finance,HF-215
HF-GL-00084,2026-02-03,6510 Infrastructure,Tundra Test Labs payment for 2026-02,-9897.27,USD,Device,HF-VEN-019,Tundra Test Labs,CloudLedger,Security,HF-216
HF-GL-00085,2026-02-06,6520 Professional Services,VectorPoint Research payment for 2026-02,-14141.9,USD,Research,HF-VEN-020,VectorPoint Research,CloudLedger,Market Expansion,HF-217
HF-GL-00086,2026-02-09,6530 Security,Linebird Communications payment for 2026-02,-4018.03,USD,Comms,HF-VEN-021,Linebird Communications,CloudLedger,Field Operations,HF-218
HF-GL-00087,2026-02-12,6540 Operations,Pinehook Operations payment for 2026-02,-14939.12,USD,Ops,HF-VEN-022,Pinehook Operations,CloudLedger,Energy Platform,HF-219
HF-GL-00088,2026-02-15,6550 Software,Mossbank Data Exchange payment for 2026-02,-9644.92,USD,Data,HF-VEN-023,Mossbank Data Exchange,CloudLedger,Hardware,HF-220
HF-GL-00089,2026-02-18,6510 Infrastructure,Ironleaf GRC payment for 2026-02,-11256.32,USD,Security,HF-VEN-024,Ironleaf GRC,CloudLedger,Finance,HF-221
HF-GL-00090,2026-02-21,6520 Professional Services,QuartzPay Services payment for 2026-02,-10851.05,USD,Payments,HF-VEN-025,QuartzPay Services,CloudLedger,Security,HF-222
HF-GL-00091,2026-02-24,6530 Security,HarborDesk Workplace payment for 2026-02,-6146.01,USD,Facilities,HF-VEN-026,HarborDesk Workplace,CloudLedger,Market Expansion,HF-223
HF-GL-00092,2026-02-27,6540 Operations,Northstar Design Office payment for 2026-02,-11654.45,USD,Design,HF-VEN-027,Northstar Design Office,CloudLedger,Field Operations,HF-224
HF-GL-00093,2026-02-03,6550 Software,Watchtower Metrics payment for 2026-02,-6103.78,USD,Monitoring,HF-VEN-028,Watchtower Metrics,CloudLedger,Energy Platform,HF-225
HF-GL-00094,2026-02-06,6510 Infrastructure,SafeCask Backups payment for 2026-02,-6136.22,USD,Backup,HF-VEN-029,SafeCask Backups,CloudLedger,Hardware,HF-226
HF-GL-00095,2026-02-09,6520 Professional Services,KeelWorks Procurement payment for 2026-02,-10358.71,USD,Procurement,HF-VEN-030,KeelWorks Procurement,CloudLedger,Finance,HF-227
HF-GL-00096,2026-02-12,6530 Security,Alder QA Studio payment for 2026-02,-10209.36,USD,QA,HF-VEN-031,Alder QA Studio,CloudLedger,Security,HF-228
HF-GL-00097,2026-02-15,6540 Operations,BridgeLoop Integrations payment for 2026-02,-13100.57,USD,Integration,HF-VEN-032,BridgeLoop Integrations,CloudLedger,Market Expansion,HF-229
HF-GL-00098,2026-02-18,6550 Software,Covefront Success Ops payment for 2026-02,-12153.48,USD,Customer,HF-VEN-033,Covefront Success Ops,CloudLedger,Field Operations,HF-230
HF-GL-00099,2026-02-21,6510 Infrastructure,PeopleField Systems payment for 2026-02,-11961.6,USD,HR,HF-VEN-034,PeopleField Systems,CloudLedger,Energy Platform,HF-231
HF-GL-00100,2026-02-24,6520 Professional Services,PayRun Office payment for 2026-02,-7588.52,USD,Payroll,HF-VEN-035,PayRun Office,CloudLedger,Hardware,HF-232
HF-GL-00101,2026-02-27,6530 Security,Northgate Audit Partners payment for 2026-02,-17922,USD,Audit,HF-VEN-036,Northgate Audit Partners,CloudLedger,Finance,HF-233
HF-GL-00102,2026-02-03,6540 Operations,RelayStack Compute payment for 2026-02,-9874.61,USD,Hosting,HF-VEN-037,RelayStack Compute,CloudLedger,Security,HF-234
HF-GL-00103,2026-02-15,6100 Rent,Office and lab rent,-42630,USD,rent,,,CloudLedger,Field Operations,HF-240
HF-GL-00104,2026-02-18,6110 Benefits,Benefits clearing,-69527.5,USD,benefits,,,CloudLedger,Energy Platform,HF-241
HF-GL-00105,2026-02-21,6120 Taxes,Payroll taxes,-38773,USD,taxes,,,CloudLedger,Hardware,HF-242
HF-GL-00106,2026-02-24,6600 Travel,Customer travel,-15022,USD,travel,,,CloudLedger,Finance,HF-243
HF-GL-00107,2026-02-27,6610 Meals,Team meals and meetings,-6293,USD,meals,,,CloudLedger,Security,HF-244
HF-GL-00108,2026-02-03,6620 Equipment,Laptop and device purchases,-25172,USD,equipment,,,CloudLedger,Market Expansion,HF-245
HF-GL-00109,2026-02-06,6630 Fees,Bank and payment fees,-7409.5,USD,fees,,,CloudLedger,Field Operations,HF-246
HF-GL-00110,2026-02-09,6640 Refunds,Customer credit memo,-9744,USD,refunds,,,CloudLedger,Energy Platform,HF-247
HF-GL-00111,2026-02-12,6650 Training,Training and enablement,-5481,USD,training,,,CloudLedger,Hardware,HF-248
HF-GL-00112,2026-02-15,6660 Contractors,Short-term contractor pool,-32277,USD,contractors,,,CloudLedger,Finance,HF-249
HF-GL-00113,2026-02-18,6670 Data,External dataset purchase,-16037,USD,data,,,CloudLedger,Security,HF-250
HF-GL-00114,2026-02-21,6680 Events,Field workshop expense,-17864,USD,events,,,CloudLedger,Market Expansion,HF-251
HF-GL-00115,2026-02-24,6690 FX,Foreign exchange adjustment,-2639,USD,fx,,,CloudLedger,Field Operations,HF-252
HF-GL-00116,2026-02-27,6700 Accrual,Month-end accrual reversal,11368,USD,accrual,,,CloudLedger,Energy Platform,HF-253
HF-GL-00117,2026-02-03,6710 Tax Credit,Research credit receipt,22837.5,USD,tax credit,,,CloudLedger,Hardware,HF-254
HF-GL-00118,2026-02-06,6720 Interest,Bank interest,1928.5,USD,interest,,,CloudLedger,Finance,HF-255
HF-GL-00119,2026-03-06,4000 Revenue,HelioForge Energy Systems customer receipt - Northbay Microgrid North region,69840,USD,revenue,,,CloudLedger,Revenue,HF-REV
HF-GL-00120,2026-03-09,4000 Revenue,HelioForge Energy Systems customer receipt - Weldon Utility Labs North region,82440,USD,revenue,,,CloudLedger,Revenue,HF-REV
HF-GL-00121,2026-03-12,4000 Revenue,HelioForge Energy Systems customer receipt - Copper Mesa Energy North region,95040,USD,revenue,,,CloudLedger,Revenue,HF-REV
HF-GL-00122,2026-03-15,4000 Revenue,HelioForge Energy Systems customer receipt - Sunvale Municipal Power Enterprise,107640,USD,revenue,,,CloudLedger,Revenue,HF-REV
HF-GL-00123,2026-03-18,4000 Revenue,HelioForge Energy Systems customer receipt - Cinder Ridge Storage Enterprise,120240,USD,revenue,,,CloudLedger,Revenue,HF-REV
HF-GL-00124,2026-03-09,6000 Payroll,HelioForge Energy Systems payroll batch 1,-123420,USD,payroll,,,CloudLedger,People,HF-PAY
HF-GL-00125,2026-03-12,6000 Payroll,HelioForge Energy Systems payroll batch 2,-132600,USD,payroll,,,CloudLedger,People,HF-PAY
HF-GL-00126,2026-03-15,6000 Payroll,HelioForge Energy Systems payroll batch 3,-141780,USD,payroll,,,CloudLedger,People,HF-PAY
HF-GL-00127,2026-03-18,6000 Payroll,HelioForge Energy Systems payroll batch 4,-150960,USD,payroll,,,CloudLedger,People,HF-PAY
HF-GL-00128,2026-03-12,6510 Infrastructure,BrightBeam Hosting payment for 2026-03,-25984,USD,Cloud,HF-VEN-007,BrightBeam Hosting,CloudLedger,Hardware,HF-202
HF-GL-00129,2026-03-15,6520 Professional Services,PortKey Identity payment for 2026-03,-9706,USD,Identity,HF-VEN-008,PortKey Identity,CloudLedger,Finance,HF-203
HF-GL-00130,2026-03-18,6530 Security,Cedarline Legal payment for 2026-03,-18865,USD,Legal,HF-VEN-009,Cedarline Legal,CloudLedger,Security,HF-204
HF-GL-00131,2026-03-21,6540 Operations,BlueTable Analytics payment for 2026-03,-10196,USD,Data,HF-VEN-010,BlueTable Analytics,CloudLedger,Market Expansion,HF-205
HF-GL-00132,2026-03-24,6550 Software,Riverbend Recruiting payment for 2026-03,-9145,USD,Recruiting,HF-VEN-011,Riverbend Recruiting,CloudLedger,Field Operations,HF-206
HF-GL-00133,2026-03-27,6510 Infrastructure,AxisWorks Facilities payment for 2026-03,-6602,USD,Facilities,HF-VEN-012,AxisWorks Facilities,CloudLedger,Energy Platform,HF-207
HF-GL-00134,2026-03-03,6520 Professional Services,SlateFox Insurance payment for 2026-03,-9538,USD,Insurance,HF-VEN-013,SlateFox Insurance,CloudLedger,Hardware,HF-208
HF-GL-00135,2026-03-06,6530 Security,SignalPeak AppSec payment for 2026-03,-14375,USD,Security,HF-VEN-014,SignalPeak AppSec,CloudLedger,Finance,HF-209
HF-GL-00136,2026-03-09,6540 Operations,HelpHarbor Desk payment for 2026-03,-7579.5,USD,Support,HF-VEN-015,HelpHarbor Desk,CloudLedger,Security,HF-210
HF-GL-00137,2026-03-12,6550 Software,CloseFrame Accounting payment for 2026-03,-7980,USD,Finance,HF-VEN-016,CloseFrame Accounting,CloudLedger,Market Expansion,HF-211
HF-GL-00138,2026-03-15,6510 Infrastructure,SkillHarbor Learning payment for 2026-03,-6211.84,USD,Training,HF-VEN-017,SkillHarbor Learning,CloudLedger,Field Operations,HF-212
HF-GL-00139,2026-03-18,6520 Professional Services,Waypost Travel Desk payment for 2026-03,-7782,USD,Travel,HF-VEN-018,Waypost Travel Desk,CloudLedger,Energy Platform,HF-213
HF-GL-00140,2026-03-21,6530 Security,Tundra Test Labs payment for 2026-03,-9609,USD,Device,HF-VEN-019,Tundra Test Labs,CloudLedger,Hardware,HF-214
HF-GL-00141,2026-03-24,6540 Operations,VectorPoint Research payment for 2026-03,-13730,USD,Research,HF-VEN-020,VectorPoint Research,CloudLedger,Finance,HF-215
HF-GL-00142,2026-03-27,6550 Software,Linebird Communications payment for 2026-03,-3901,USD,Comms,HF-VEN-021,Linebird Communications,CloudLedger,Security,HF-216
HF-GL-00143,2026-03-03,6510 Infrastructure,Pinehook Operations payment for 2026-03,-14504,USD,Ops,HF-VEN-022,Pinehook Operations,CloudLedger,Market Expansion,HF-217
HF-GL-00144,2026-03-06,6520 Professional Services,Mossbank Data Exchange payment for 2026-03,-9364,USD,Data,HF-VEN-023,Mossbank Data Exchange,CloudLedger,Field Operations,HF-218
HF-GL-00145,2026-03-09,6530 Security,Ironleaf GRC payment for 2026-03,-8794,USD,Security,HF-VEN-024,Ironleaf GRC,CloudLedger,Energy Platform,HF-219
HF-GL-00146,2026-03-12,6540 Operations,QuartzPay Services payment for 2026-03,-10535,USD,Payments,HF-VEN-025,QuartzPay Services,CloudLedger,Hardware,HF-220
HF-GL-00147,2026-03-15,6550 Software,HarborDesk Workplace payment for 2026-03,-5967,USD,Facilities,HF-VEN-026,HarborDesk Workplace,CloudLedger,Finance,HF-221
HF-GL-00148,2026-03-18,6510 Infrastructure,Northstar Design Office payment for 2026-03,-14483.2,USD,Design,HF-VEN-027,Northstar Design Office,CloudLedger,Security,HF-222
HF-GL-00149,2026-03-21,6520 Professional Services,Watchtower Metrics payment for 2026-03,-5926,USD,Monitoring,HF-VEN-028,Watchtower Metrics,CloudLedger,Market Expansion,HF-223
HF-GL-00150,2026-03-24,6530 Security,SafeCask Backups payment for 2026-03,-5957.5,USD,Backup,HF-VEN-029,SafeCask Backups,CloudLedger,Field Operations,HF-224
HF-GL-00151,2026-03-27,6540 Operations,KeelWorks Procurement payment for 2026-03,-10057,USD,Procurement,HF-VEN-030,KeelWorks Procurement,CloudLedger,Energy Platform,HF-225
HF-GL-00152,2026-03-03,6550 Software,Alder QA Studio payment for 2026-03,-9912,USD,QA,HF-VEN-031,Alder QA Studio,CloudLedger,Hardware,HF-226
HF-GL-00153,2026-03-06,6510 Infrastructure,BridgeLoop Integrations payment for 2026-03,-12719,USD,Integration,HF-VEN-032,BridgeLoop Integrations,CloudLedger,Finance,HF-227
HF-GL-00154,2026-03-09,6520 Professional Services,Covefront Success Ops payment for 2026-03,-11799.5,USD,Customer,HF-VEN-033,Covefront Success Ops,CloudLedger,Security,HF-228
HF-GL-00155,2026-03-12,6530 Security,PeopleField Systems payment for 2026-03,-9345,USD,HR,HF-VEN-034,PeopleField Systems,CloudLedger,Market Expansion,HF-229
HF-GL-00156,2026-03-15,6540 Operations,PayRun Office payment for 2026-03,-7367.5,USD,Payroll,HF-VEN-035,PayRun Office,CloudLedger,Field Operations,HF-230
HF-GL-00157,2026-03-18,6550 Software,Northgate Audit Partners payment for 2026-03,-17400,USD,Audit,HF-VEN-036,Northgate Audit Partners,CloudLedger,Energy Platform,HF-231
HF-GL-00158,2026-03-21,6510 Infrastructure,RelayStack Compute payment for 2026-03,-12271.36,USD,Hosting,HF-VEN-037,RelayStack Compute,CloudLedger,Hardware,HF-232
HF-GL-00159,2026-03-24,6520 Professional Services,Oakline Data Rooms payment for 2026-03,-4772.5,USD,Data,HF-VEN-038,Oakline Data Rooms,CloudLedger,Finance,HF-233
HF-GL-00160,2026-03-27,6530 Security,PaperTrail Systems payment for 2026-03,-4866,USD,Docs,HF-VEN-039,PaperTrail Systems,CloudLedger,Security,HF-234
HF-GL-00161,2026-03-03,6540 Operations,BeaconRisk Advisory payment for 2026-03,-12173,USD,Risk,HF-VEN-040,BeaconRisk Advisory,CloudLedger,Market Expansion,HF-235
HF-GL-00162,2026-03-15,6100 Rent,Office and lab rent,-43260,USD,rent,,,CloudLedger,Field Operations,HF-240
HF-GL-00163,2026-03-18,6110 Benefits,Benefits clearing,-70555,USD,benefits,,,CloudLedger,Energy Platform,HF-241
HF-GL-00164,2026-03-21,6120 Taxes,Payroll taxes,-39346,USD,taxes,,,CloudLedger,Hardware,HF-242
HF-GL-00165,2026-03-24,6600 Travel,Customer travel,-15244,USD,travel,,,CloudLedger,Finance,HF-243
HF-GL-00166,2026-03-27,6610 Meals,Team meals and meetings,-6386,USD,meals,,,CloudLedger,Security,HF-244
HF-GL-00167,2026-03-03,6620 Equipment,Laptop and device purchases,-25544,USD,equipment,,,CloudLedger,Market Expansion,HF-245
HF-GL-00168,2026-03-06,6630 Fees,Bank and payment fees,-7519,USD,fees,,,CloudLedger,Field Operations,HF-246
HF-GL-00169,2026-03-09,6640 Refunds,Customer credit memo,-9888,USD,refunds,,,CloudLedger,Energy Platform,HF-247
HF-GL-00170,2026-03-12,6650 Training,Training and enablement,-5562,USD,training,,,CloudLedger,Hardware,HF-248
HF-GL-00171,2026-03-15,6660 Contractors,Short-term contractor pool,-32754,USD,contractors,,,CloudLedger,Finance,HF-249
HF-GL-00172,2026-03-18,6670 Data,External dataset purchase,-16274,USD,data,,,CloudLedger,Security,HF-250
HF-GL-00173,2026-03-21,6680 Events,Field workshop expense,-18128,USD,events,,,CloudLedger,Market Expansion,HF-251
HF-GL-00174,2026-03-24,6690 FX,Foreign exchange adjustment,1854,USD,fx,,,CloudLedger,Field Operations,HF-252
HF-GL-00175,2026-03-27,6700 Accrual,Month-end accrual reversal,-11536,USD,accrual,,,CloudLedger,Energy Platform,HF-253
HF-GL-00176,2026-03-03,6710 Tax Credit,Research credit receipt,23175,USD,tax credit,,,CloudLedger,Hardware,HF-254
HF-GL-00177,2026-03-06,6720 Interest,Bank interest,1957,USD,interest,,,CloudLedger,Finance,HF-255
HF-GL-00178,2026-04-06,4000 Revenue,HelioForge Energy Systems customer receipt - Weldon Utility Labs North region,72360,USD,revenue,,,CloudLedger,Revenue,HF-REV
HF-GL-00179,2026-04-09,4000 Revenue,HelioForge Energy Systems customer receipt - Copper Mesa Energy North region,84960,USD,revenue,,,CloudLedger,Revenue,HF-REV
HF-GL-00180,2026-04-12,4000 Revenue,HelioForge Energy Systems customer receipt - Sunvale Municipal Power Enterprise,97560,USD,revenue,,,CloudLedger,Revenue,HF-REV
HF-GL-00181,2026-04-15,4000 Revenue,HelioForge Energy Systems customer receipt - Cinder Ridge Storage Enterprise,110160,USD,revenue,,,CloudLedger,Revenue,HF-REV
HF-GL-00182,2026-04-18,4000 Revenue,HelioForge Energy Systems customer receipt - Northbay Microgrid Enterprise,122760,USD,revenue,,,CloudLedger,Revenue,HF-REV
HF-GL-00183,2026-04-09,6000 Payroll,HelioForge Energy Systems payroll batch 1,-126480,USD,payroll,,,CloudLedger,People,HF-PAY
HF-GL-00184,2026-04-12,6000 Payroll,HelioForge Energy Systems payroll batch 2,-135660,USD,payroll,,,CloudLedger,People,HF-PAY
HF-GL-00185,2026-04-15,6000 Payroll,HelioForge Energy Systems payroll batch 3,-144840,USD,payroll,,,CloudLedger,People,HF-PAY
HF-GL-00186,2026-04-18,6000 Payroll,HelioForge Energy Systems payroll batch 4,-154020,USD,payroll,,,CloudLedger,People,HF-PAY
HF-GL-00187,2026-04-12,6510 Infrastructure,BlueTable Analytics payment for 2026-04,-13050.88,USD,Data,HF-VEN-010,BlueTable Analytics,CloudLedger,Finance,HF-203
HF-GL-00188,2026-04-15,6520 Professional Services,Riverbend Recruiting payment for 2026-04,-9419.35,USD,Recruiting,HF-VEN-011,Riverbend Recruiting,CloudLedger,Security,HF-204
HF-GL-00189,2026-04-18,6530 Security,AxisWorks Facilities payment for 2026-04,-6800.06,USD,Facilities,HF-VEN-012,AxisWorks Facilities,CloudLedger,Market Expansion,HF-205
HF-GL-00190,2026-04-21,6540 Operations,SlateFox Insurance payment for 2026-04,-9824.14,USD,Insurance,HF-VEN-013,SlateFox Insurance,CloudLedger,Field Operations,HF-206
HF-GL-00191,2026-04-24,6550 Software,SignalPeak AppSec payment for 2026-04,-14806.25,USD,Security,HF-VEN-014,SignalPeak AppSec,CloudLedger,Energy Platform,HF-207
HF-GL-00192,2026-04-27,6510 Infrastructure,HelpHarbor Desk payment for 2026-04,-7806.88,USD,Support,HF-VEN-015,HelpHarbor Desk,CloudLedger,Hardware,HF-208
HF-GL-00193,2026-04-03,6520 Professional Services,CloseFrame Accounting payment for 2026-04,-8219.4,USD,Finance,HF-VEN-016,CloseFrame Accounting,CloudLedger,Finance,HF-209
HF-GL-00194,2026-04-06,6530 Security,SkillHarbor Learning payment for 2026-04,-4998.59,USD,Training,HF-VEN-017,SkillHarbor Learning,CloudLedger,Security,HF-210
HF-GL-00195,2026-04-09,6540 Operations,Waypost Travel Desk payment for 2026-04,-8015.46,USD,Travel,HF-VEN-018,Waypost Travel Desk,CloudLedger,Market Expansion,HF-211
HF-GL-00196,2026-04-12,6550 Software,Tundra Test Labs payment for 2026-04,-9897.27,USD,Device,HF-VEN-019,Tundra Test Labs,CloudLedger,Field Operations,HF-212
HF-GL-00197,2026-04-15,6510 Infrastructure,VectorPoint Research payment for 2026-04,-17574.4,USD,Research,HF-VEN-020,VectorPoint Research,CloudLedger,Energy Platform,HF-213
HF-GL-00198,2026-04-18,6520 Professional Services,Linebird Communications payment for 2026-04,-4018.03,USD,Comms,HF-VEN-021,Linebird Communications,CloudLedger,Hardware,HF-214
HF-GL-00199,2026-04-21,6530 Security,Pinehook Operations payment for 2026-04,-14939.12,USD,Ops,HF-VEN-022,Pinehook Operations,CloudLedger,Finance,HF-215
HF-GL-00200,2026-04-24,6540 Operations,Mossbank Data Exchange payment for 2026-04,-9644.92,USD,Data,HF-VEN-023,Mossbank Data Exchange,CloudLedger,Security,HF-216
HF-GL-00201,2026-04-27,6550 Software,Ironleaf GRC payment for 2026-04,-9057.82,USD,Security,HF-VEN-024,Ironleaf GRC,CloudLedger,Market Expansion,HF-217
HF-GL-00202,2026-04-03,6510 Infrastructure,QuartzPay Services payment for 2026-04,-10851.05,USD,Payments,HF-VEN-025,QuartzPay Services,CloudLedger,Field Operations,HF-218
HF-GL-00203,2026-04-06,6520 Professional Services,HarborDesk Workplace payment for 2026-04,-6146.01,USD,Facilities,HF-VEN-026,HarborDesk Workplace,CloudLedger,Energy Platform,HF-219
HF-GL-00204,2026-04-09,6530 Security,Northstar Design Office payment for 2026-04,-11654.45,USD,Design,HF-VEN-027,Northstar Design Office,CloudLedger,Hardware,HF-220
HF-GL-00205,2026-04-12,6540 Operations,Watchtower Metrics payment for 2026-04,-6103.78,USD,Monitoring,HF-VEN-028,Watchtower Metrics,CloudLedger,Finance,HF-221
HF-GL-00206,2026-04-15,6550 Software,SafeCask Backups payment for 2026-04,-6136.22,USD,Backup,HF-VEN-029,SafeCask Backups,CloudLedger,Security,HF-222
HF-GL-00207,2026-04-18,6510 Infrastructure,KeelWorks Procurement payment for 2026-04,-12872.96,USD,Procurement,HF-VEN-030,KeelWorks Procurement,CloudLedger,Market Expansion,HF-223
HF-GL-00208,2026-04-21,6520 Professional Services,Alder QA Studio payment for 2026-04,-10209.36,USD,QA,HF-VEN-031,Alder QA Studio,CloudLedger,Field Operations,HF-224
HF-GL-00209,2026-04-24,6530 Security,BridgeLoop Integrations payment for 2026-04,-13100.57,USD,Integration,HF-VEN-032,BridgeLoop Integrations,CloudLedger,Energy Platform,HF-225
HF-GL-00210,2026-04-27,6540 Operations,Covefront Success Ops payment for 2026-04,-12153.48,USD,Customer,HF-VEN-033,Covefront Success Ops,CloudLedger,Hardware,HF-226
HF-GL-00211,2026-04-03,6550 Software,PeopleField Systems payment for 2026-04,-9625.35,USD,HR,HF-VEN-034,PeopleField Systems,CloudLedger,Finance,HF-227
HF-GL-00212,2026-04-06,6510 Infrastructure,PayRun Office payment for 2026-04,-7588.52,USD,Payroll,HF-VEN-035,PayRun Office,CloudLedger,Security,HF-228
HF-GL-00213,2026-04-09,6520 Professional Services,Northgate Audit Partners payment for 2026-04,-17922,USD,Audit,HF-VEN-036,Northgate Audit Partners,CloudLedger,Market Expansion,HF-229
HF-GL-00214,2026-04-12,6530 Security,RelayStack Compute payment for 2026-04,-9874.61,USD,Hosting,HF-VEN-037,RelayStack Compute,CloudLedger,Field Operations,HF-230
HF-GL-00215,2026-04-15,6540 Operations,Oakline Data Rooms payment for 2026-04,-4915.67,USD,Data,HF-VEN-038,Oakline Data Rooms,CloudLedger,Energy Platform,HF-231
HF-GL-00216,2026-04-18,6550 Software,PaperTrail Systems payment for 2026-04,-5011.98,USD,Docs,HF-VEN-039,PaperTrail Systems,CloudLedger,Hardware,HF-232
HF-GL-00217,2026-04-21,6510 Infrastructure,BeaconRisk Advisory payment for 2026-04,-15581.44,USD,Risk,HF-VEN-040,BeaconRisk Advisory,CloudLedger,Finance,HF-233
HF-GL-00218,2026-04-24,6520 Professional Services,Fieldstone Research payment for 2026-04,-8423.34,USD,Market,HF-VEN-041,Fieldstone Research,CloudLedger,Security,HF-234
HF-GL-00219,2026-04-27,6530 Security,Brightling Locale payment for 2026-04,-5103.13,USD,Localization,HF-VEN-042,Brightling Locale,CloudLedger,Market Expansion,HF-235
HF-GL-00220,2026-04-03,6540 Operations,SummitFloor Events payment for 2026-04,-9697.45,USD,Events,HF-VEN-043,SummitFloor Events,CloudLedger,Field Operations,HF-200
HF-GL-00221,2026-04-15,6100 Rent,Office and lab rent,-43890,USD,rent,,,CloudLedger,Field Operations,HF-240
HF-GL-00222,2026-04-18,6110 Benefits,Benefits clearing,-71582.5,USD,benefits,,,CloudLedger,Energy Platform,HF-241
HF-GL-00223,2026-04-21,6120 Taxes,Payroll taxes,-39919,USD,taxes,,,CloudLedger,Hardware,HF-242
HF-GL-00224,2026-04-24,6600 Travel,Customer travel,-15466,USD,travel,,,CloudLedger,Finance,HF-243
HF-GL-00225,2026-04-27,6610 Meals,Team meals and meetings,-6479,USD,meals,,,CloudLedger,Security,HF-244
HF-GL-00226,2026-04-03,6620 Equipment,Laptop and device purchases,-25916,USD,equipment,,,CloudLedger,Market Expansion,HF-245
HF-GL-00227,2026-04-06,6630 Fees,Bank and payment fees,-7628.5,USD,fees,,,CloudLedger,Field Operations,HF-246
HF-GL-00228,2026-04-09,6640 Refunds,Customer credit memo,-10032,USD,refunds,,,CloudLedger,Energy Platform,HF-247
HF-GL-00229,2026-04-12,6650 Training,Training and enablement,-5643,USD,training,,,CloudLedger,Hardware,HF-248
HF-GL-00230,2026-04-15,6660 Contractors,Short-term contractor pool,-33231,USD,contractors,,,CloudLedger,Finance,HF-249
HF-GL-00231,2026-04-18,6670 Data,External dataset purchase,-16511,USD,data,,,CloudLedger,Security,HF-250
HF-GL-00232,2026-04-21,6680 Events,Field workshop expense,-18392,USD,events,,,CloudLedger,Market Expansion,HF-251
HF-GL-00233,2026-04-24,6690 FX,Foreign exchange adjustment,-2717,USD,fx,,,CloudLedger,Field Operations,HF-252
HF-GL-00234,2026-04-27,6700 Accrual,Month-end accrual reversal,11704,USD,accrual,,,CloudLedger,Energy Platform,HF-253
HF-GL-00235,2026-04-03,6710 Tax Credit,Research credit receipt,23512.5,USD,tax credit,,,CloudLedger,Hardware,HF-254
HF-GL-00236,2026-04-06,6720 Interest,Bank interest,1985.5,USD,interest,,,CloudLedger,Finance,HF-255
HF-GL-00237,2026-05-06,4000 Revenue,HelioForge Energy Systems customer receipt - Copper Mesa Energy North region,74880,USD,revenue,,,CloudLedger,Revenue,HF-REV
HF-GL-00238,2026-05-09,4000 Revenue,HelioForge Energy Systems customer receipt - Sunvale Municipal Power Enterprise,87480,USD,revenue,,,CloudLedger,Revenue,HF-REV
HF-GL-00239,2026-05-12,4000 Revenue,HelioForge Energy Systems customer receipt - Cinder Ridge Storage Enterprise,100080,USD,revenue,,,CloudLedger,Revenue,HF-REV
HF-GL-00240,2026-05-15,4000 Revenue,HelioForge Energy Systems customer receipt - Northbay Microgrid Enterprise,112680,USD,revenue,,,CloudLedger,Revenue,HF-REV
HF-GL-00241,2026-05-18,4000 Revenue,HelioForge Energy Systems customer receipt - Weldon Utility Labs Enterprise,125280,USD,revenue,,,CloudLedger,Revenue,HF-REV
HF-GL-00242,2026-05-09,6000 Payroll,HelioForge Energy Systems payroll batch 1,-129540,USD,payroll,,,CloudLedger,People,HF-PAY
HF-GL-00243,2026-05-12,6000 Payroll,HelioForge Energy Systems payroll batch 2,-138720,USD,payroll,,,CloudLedger,People,HF-PAY
HF-GL-00244,2026-05-15,6000 Payroll,HelioForge Energy Systems payroll batch 3,-147900,USD,payroll,,,CloudLedger,People,HF-PAY
HF-GL-00245,2026-05-18,6000 Payroll,HelioForge Energy Systems payroll batch 4,-157080,USD,payroll,,,CloudLedger,People,HF-PAY
HF-GL-00246,2026-05-12,6510 Infrastructure,SlateFox Insurance payment for 2026-05,-12208.64,USD,Insurance,HF-VEN-013,SlateFox Insurance,CloudLedger,Security,HF-204
HF-GL-00247,2026-05-15,6520 Professional Services,SignalPeak AppSec payment for 2026-05,-14375,USD,Security,HF-VEN-014,SignalPeak AppSec,CloudLedger,Market Expansion,HF-205
HF-GL-00248,2026-05-18,6530 Security,HelpHarbor Desk payment for 2026-05,-7579.5,USD,Support,HF-VEN-015,HelpHarbor Desk,CloudLedger,Field Operations,HF-206
HF-GL-00249,2026-05-21,6540 Operations,CloseFrame Accounting payment for 2026-05,-7980,USD,Finance,HF-VEN-016,CloseFrame Accounting,CloudLedger,Energy Platform,HF-207
HF-GL-00250,2026-05-24,6550 Software,SkillHarbor Learning payment for 2026-05,-4853,USD,Training,HF-VEN-017,SkillHarbor Learning,CloudLedger,Hardware,HF-208
HF-GL-00251,2026-05-27,6510 Infrastructure,Waypost Travel Desk payment for 2026-05,-7782,USD,Travel,HF-VEN-018,Waypost Travel Desk,CloudLedger,Finance,HF-209
HF-GL-00252,2026-05-03,6520 Professional Services,Tundra Test Labs payment for 2026-05,-9609,USD,Device,HF-VEN-019,Tundra Test Labs,CloudLedger,Security,HF-210
HF-GL-00253,2026-05-06,6530 Security,VectorPoint Research payment for 2026-05,-13730,USD,Research,HF-VEN-020,VectorPoint Research,CloudLedger,Market Expansion,HF-211
HF-GL-00254,2026-05-09,6540 Operations,Linebird Communications payment for 2026-05,-3901,USD,Comms,HF-VEN-021,Linebird Communications,CloudLedger,Field Operations,HF-212
HF-GL-00255,2026-05-12,6550 Software,Pinehook Operations payment for 2026-05,-14504,USD,Ops,HF-VEN-022,Pinehook Operations,CloudLedger,Energy Platform,HF-213
HF-GL-00256,2026-05-15,6510 Infrastructure,Mossbank Data Exchange payment for 2026-05,-11985.92,USD,Data,HF-VEN-023,Mossbank Data Exchange,CloudLedger,Hardware,HF-214
HF-GL-00257,2026-05-18,6520 Professional Services,Ironleaf GRC payment for 2026-05,-8794,USD,Security,HF-VEN-024,Ironleaf GRC,CloudLedger,Finance,HF-215
HF-GL-00258,2026-05-21,6530 Security,QuartzPay Services payment for 2026-05,-10535,USD,Payments,HF-VEN-025,QuartzPay Services,CloudLedger,Security,HF-216
HF-GL-00259,2026-05-24,6540 Operations,HarborDesk Workplace payment for 2026-05,-5967,USD,Facilities,HF-VEN-026,HarborDesk Workplace,CloudLedger,Market Expansion,HF-217
HF-GL-00260,2026-05-27,6550 Software,Northstar Design Office payment for 2026-05,-11315,USD,Design,HF-VEN-027,Northstar Design Office,CloudLedger,Field Operations,HF-218
HF-GL-00261,2026-05-03,6510 Infrastructure,Watchtower Metrics payment for 2026-05,-5926,USD,Monitoring,HF-VEN-028,Watchtower Metrics,CloudLedger,Energy Platform,HF-219
HF-GL-00262,2026-05-06,6520 Professional Services,SafeCask Backups payment for 2026-05,-5957.5,USD,Backup,HF-VEN-029,SafeCask Backups,CloudLedger,Hardware,HF-220
HF-GL-00263,2026-05-09,6530 Security,KeelWorks Procurement payment for 2026-05,-10057,USD,Procurement,HF-VEN-030,KeelWorks Procurement,CloudLedger,Finance,HF-221
HF-GL-00264,2026-05-12,6540 Operations,Alder QA Studio payment for 2026-05,-9912,USD,QA,HF-VEN-031,Alder QA Studio,CloudLedger,Security,HF-222
HF-GL-00265,2026-05-15,6550 Software,BridgeLoop Integrations payment for 2026-05,-12719,USD,Integration,HF-VEN-032,BridgeLoop Integrations,CloudLedger,Market Expansion,HF-223
HF-GL-00266,2026-05-18,6510 Infrastructure,Covefront Success Ops payment for 2026-05,-15103.36,USD,Customer,HF-VEN-033,Covefront Success Ops,CloudLedger,Field Operations,HF-224
HF-GL-00267,2026-05-21,6520 Professional Services,PeopleField Systems payment for 2026-05,-9345,USD,HR,HF-VEN-034,PeopleField Systems,CloudLedger,Energy Platform,HF-225
HF-GL-00268,2026-05-24,6530 Security,PayRun Office payment for 2026-05,-7367.5,USD,Payroll,HF-VEN-035,PayRun Office,CloudLedger,Hardware,HF-226
HF-GL-00269,2026-05-27,6540 Operations,Northgate Audit Partners payment for 2026-05,-17400,USD,Audit,HF-VEN-036,Northgate Audit Partners,CloudLedger,Finance,HF-227
HF-GL-00270,2026-05-03,6550 Software,RelayStack Compute payment for 2026-05,-9587,USD,Hosting,HF-VEN-037,RelayStack Compute,CloudLedger,Security,HF-228
HF-GL-00271,2026-05-06,6510 Infrastructure,Oakline Data Rooms payment for 2026-05,-4772.5,USD,Data,HF-VEN-038,Oakline Data Rooms,CloudLedger,Market Expansion,HF-229
HF-GL-00272,2026-05-09,6520 Professional Services,PaperTrail Systems payment for 2026-05,-4866,USD,Docs,HF-VEN-039,PaperTrail Systems,CloudLedger,Field Operations,HF-230
HF-GL-00273,2026-05-12,6530 Security,BeaconRisk Advisory payment for 2026-05,-12173,USD,Risk,HF-VEN-040,BeaconRisk Advisory,CloudLedger,Energy Platform,HF-231
HF-GL-00274,2026-05-15,6540 Operations,Fieldstone Research payment for 2026-05,-8178,USD,Market,HF-VEN-041,Fieldstone Research,CloudLedger,Hardware,HF-232
HF-GL-00275,2026-05-18,6550 Software,Brightling Locale payment for 2026-05,-4954.5,USD,Localization,HF-VEN-042,Brightling Locale,CloudLedger,Finance,HF-233
HF-GL-00276,2026-05-21,6510 Infrastructure,SummitFloor Events payment for 2026-05,-12051.2,USD,Events,HF-VEN-043,SummitFloor Events,CloudLedger,Security,HF-234
HF-GL-00277,2026-05-24,6520 Professional Services,Warehouse Nine Services payment for 2026-05,-17763.5,USD,Ops,HF-VEN-044,Warehouse Nine Services,CloudLedger,Market Expansion,HF-235
HF-GL-00278,2026-05-27,6530 Security,NorthFork ETL payment for 2026-05,-12664,USD,Data,HF-VEN-045,NorthFork ETL,CloudLedger,Field Operations,HF-200
HF-GL-00279,2026-05-03,6540 Operations,PatchHarbor Response payment for 2026-05,-8568,USD,Security,HF-VEN-046,PatchHarbor Response,CloudLedger,Energy Platform,HF-201
HF-GL-00280,2026-05-15,6100 Rent,Office and lab rent,-44520,USD,rent,,,CloudLedger,Field Operations,HF-240
HF-GL-00281,2026-05-18,6110 Benefits,Benefits clearing,-72610,USD,benefits,,,CloudLedger,Energy Platform,HF-241
HF-GL-00282,2026-05-21,6120 Taxes,Payroll taxes,-40492,USD,taxes,,,CloudLedger,Hardware,HF-242
HF-GL-00283,2026-05-24,6600 Travel,Customer travel,-15688,USD,travel,,,CloudLedger,Finance,HF-243
HF-GL-00284,2026-05-27,6610 Meals,Team meals and meetings,-6572,USD,meals,,,CloudLedger,Security,HF-244
HF-GL-00285,2026-05-03,6620 Equipment,Laptop and device purchases,-26288,USD,equipment,,,CloudLedger,Market Expansion,HF-245
HF-GL-00286,2026-05-06,6630 Fees,Bank and payment fees,-7738,USD,fees,,,CloudLedger,Field Operations,HF-246
HF-GL-00287,2026-05-09,6640 Refunds,Customer credit memo,-10176,USD,refunds,,,CloudLedger,Energy Platform,HF-247
HF-GL-00288,2026-05-12,6650 Training,Training and enablement,-5724,USD,training,,,CloudLedger,Hardware,HF-248
HF-GL-00289,2026-05-15,6660 Contractors,Short-term contractor pool,-33708,USD,contractors,,,CloudLedger,Finance,HF-249
HF-GL-00290,2026-05-18,6670 Data,External dataset purchase,-16748,USD,data,,,CloudLedger,Security,HF-250
HF-GL-00291,2026-05-21,6680 Events,Field workshop expense,-18656,USD,events,,,CloudLedger,Market Expansion,HF-251
HF-GL-00292,2026-05-24,6690 FX,Foreign exchange adjustment,1908,USD,fx,,,CloudLedger,Field Operations,HF-252
HF-GL-00293,2026-05-27,6700 Accrual,Month-end accrual reversal,-11872,USD,accrual,,,CloudLedger,Energy Platform,HF-253
HF-GL-00294,2026-05-03,6710 Tax Credit,Research credit receipt,23850,USD,tax credit,,,CloudLedger,Hardware,HF-254
HF-GL-00295,2026-05-06,6720 Interest,Bank interest,2014,USD,interest,,,CloudLedger,Finance,HF-255
HF-GL-00296,2026-06-06,4000 Revenue,HelioForge Energy Systems customer receipt - Sunvale Municipal Power Enterprise,77400,USD,revenue,,,CloudLedger,Revenue,HF-REV
HF-GL-00297,2026-06-09,4000 Revenue,HelioForge Energy Systems customer receipt - Cinder Ridge Storage Enterprise,90000,USD,revenue,,,CloudLedger,Revenue,HF-REV
HF-GL-00298,2026-06-12,4000 Revenue,HelioForge Energy Systems customer receipt - Northbay Microgrid Enterprise,102600,USD,revenue,,,CloudLedger,Revenue,HF-REV
HF-GL-00299,2026-06-15,4000 Revenue,HelioForge Energy Systems customer receipt - Weldon Utility Labs Enterprise,115200,USD,revenue,,,CloudLedger,Revenue,HF-REV
HF-GL-00300,2026-06-18,4000 Revenue,HelioForge Energy Systems customer receipt - Copper Mesa Energy Enterprise,127800,USD,revenue,,,CloudLedger,Revenue,HF-REV
HF-GL-00301,2026-06-09,6000 Payroll,HelioForge Energy Systems payroll batch 1,-132600,USD,payroll,,,CloudLedger,People,HF-PAY
HF-GL-00302,2026-06-12,6000 Payroll,HelioForge Energy Systems payroll batch 2,-141780,USD,payroll,,,CloudLedger,People,HF-PAY
HF-GL-00303,2026-06-15,6000 Payroll,HelioForge Energy Systems payroll batch 3,-150960,USD,payroll,,,CloudLedger,People,HF-PAY
HF-GL-00304,2026-06-18,6000 Payroll,HelioForge Energy Systems payroll batch 4,-160140,USD,payroll,,,CloudLedger,People,HF-PAY
HF-GL-00305,2026-06-12,6510 Infrastructure,CloseFrame Accounting payment for 2026-06,-10214.4,USD,Finance,HF-VEN-016,CloseFrame Accounting,CloudLedger,Market Expansion,HF-205
HF-GL-00306,2026-06-15,6520 Professional Services,SkillHarbor Learning payment for 2026-06,-4998.59,USD,Training,HF-VEN-017,SkillHarbor Learning,CloudLedger,Field Operations,HF-206
HF-GL-00307,2026-06-18,6530 Security,Waypost Travel Desk payment for 2026-06,-8015.46,USD,Travel,HF-VEN-018,Waypost Travel Desk,CloudLedger,Energy Platform,HF-207
HF-GL-00308,2026-06-21,6540 Operations,Tundra Test Labs payment for 2026-06,-9897.27,USD,Device,HF-VEN-019,Tundra Test Labs,CloudLedger,Hardware,HF-208
HF-GL-00309,2026-06-24,6550 Software,VectorPoint Research payment for 2026-06,-14141.9,USD,Research,HF-VEN-020,VectorPoint Research,CloudLedger,Finance,HF-209
HF-GL-00310,2026-06-27,6510 Infrastructure,Linebird Communications payment for 2026-06,-4018.03,USD,Comms,HF-VEN-021,Linebird Communications,CloudLedger,Security,HF-210
HF-GL-00311,2026-06-03,6520 Professional Services,Pinehook Operations payment for 2026-06,-14939.12,USD,Ops,HF-VEN-022,Pinehook Operations,CloudLedger,Market Expansion,HF-211
HF-GL-00312,2026-06-06,6530 Security,Mossbank Data Exchange payment for 2026-06,-9644.92,USD,Data,HF-VEN-023,Mossbank Data Exchange,CloudLedger,Field Operations,HF-212
HF-GL-00313,2026-06-09,6540 Operations,Ironleaf GRC payment for 2026-06,-9057.82,USD,Security,HF-VEN-024,Ironleaf GRC,CloudLedger,Energy Platform,HF-213
HF-GL-00314,2026-06-12,6550 Software,QuartzPay Services payment for 2026-06,-10851.05,USD,Payments,HF-VEN-025,QuartzPay Services,CloudLedger,Hardware,HF-214
HF-GL-00315,2026-06-15,6510 Infrastructure,HarborDesk Workplace payment for 2026-06,-7637.76,USD,Facilities,HF-VEN-026,HarborDesk Workplace,CloudLedger,Finance,HF-215
HF-GL-00316,2026-06-18,6520 Professional Services,Northstar Design Office payment for 2026-06,-11654.45,USD,Design,HF-VEN-027,Northstar Design Office,CloudLedger,Security,HF-216
HF-GL-00317,2026-06-21,6530 Security,Watchtower Metrics payment for 2026-06,-6103.78,USD,Monitoring,HF-VEN-028,Watchtower Metrics,CloudLedger,Market Expansion,HF-217
HF-GL-00318,2026-06-24,6540 Operations,SafeCask Backups payment for 2026-06,-6136.22,USD,Backup,HF-VEN-029,SafeCask Backups,CloudLedger,Field Operations,HF-218
HF-GL-00319,2026-06-27,6550 Software,KeelWorks Procurement payment for 2026-06,-10358.71,USD,Procurement,HF-VEN-030,KeelWorks Procurement,CloudLedger,Energy Platform,HF-219
HF-GL-00320,2026-06-03,6510 Infrastructure,Alder QA Studio payment for 2026-06,-10209.36,USD,QA,HF-VEN-031,Alder QA Studio,CloudLedger,Hardware,HF-220
HF-GL-00321,2026-06-06,6520 Professional Services,BridgeLoop Integrations payment for 2026-06,-13100.57,USD,Integration,HF-VEN-032,BridgeLoop Integrations,CloudLedger,Finance,HF-221
HF-GL-00322,2026-06-09,6530 Security,Covefront Success Ops payment for 2026-06,-12153.48,USD,Customer,HF-VEN-033,Covefront Success Ops,CloudLedger,Security,HF-222
HF-GL-00323,2026-06-12,6540 Operations,PeopleField Systems payment for 2026-06,-9625.35,USD,HR,HF-VEN-034,PeopleField Systems,CloudLedger,Market Expansion,HF-223
HF-GL-00324,2026-06-15,6550 Software,PayRun Office payment for 2026-06,-7588.52,USD,Payroll,HF-VEN-035,PayRun Office,CloudLedger,Field Operations,HF-224
HF-GL-00325,2026-06-18,6510 Infrastructure,Northgate Audit Partners payment for 2026-06,-22272,USD,Audit,HF-VEN-036,Northgate Audit Partners,CloudLedger,Energy Platform,HF-225
HF-GL-00326,2026-06-21,6520 Professional Services,RelayStack Compute payment for 2026-06,-9874.61,USD,Hosting,HF-VEN-037,RelayStack Compute,CloudLedger,Hardware,HF-226
HF-GL-00327,2026-06-24,6530 Security,Oakline Data Rooms payment for 2026-06,-4915.67,USD,Data,HF-VEN-038,Oakline Data Rooms,CloudLedger,Finance,HF-227
HF-GL-00328,2026-06-27,6540 Operations,PaperTrail Systems payment for 2026-06,-5011.98,USD,Docs,HF-VEN-039,PaperTrail Systems,CloudLedger,Security,HF-228
HF-GL-00329,2026-06-03,6550 Software,BeaconRisk Advisory payment for 2026-06,-12538.19,USD,Risk,HF-VEN-040,BeaconRisk Advisory,CloudLedger,Market Expansion,HF-229
HF-GL-00330,2026-06-06,6510 Infrastructure,Fieldstone Research payment for 2026-06,-8423.34,USD,Market,HF-VEN-041,Fieldstone Research,CloudLedger,Field Operations,HF-230
HF-GL-00331,2026-06-09,6520 Professional Services,Brightling Locale payment for 2026-06,-5103.13,USD,Localization,HF-VEN-042,Brightling Locale,CloudLedger,Energy Platform,HF-231
HF-GL-00332,2026-06-12,6530 Security,SummitFloor Events payment for 2026-06,-9697.45,USD,Events,HF-VEN-043,SummitFloor Events,CloudLedger,Hardware,HF-232
HF-GL-00333,2026-06-15,6540 Operations,Warehouse Nine Services payment for 2026-06,-18296.4,USD,Ops,HF-VEN-044,Warehouse Nine Services,CloudLedger,Finance,HF-233
HF-GL-00334,2026-06-18,6550 Software,NorthFork ETL payment for 2026-06,-13043.92,USD,Data,HF-VEN-045,NorthFork ETL,CloudLedger,Security,HF-234
HF-GL-00335,2026-06-21,6510 Infrastructure,PatchHarbor Response payment for 2026-06,-10967.04,USD,Security,HF-VEN-046,PatchHarbor Response,CloudLedger,Market Expansion,HF-235
HF-GL-00336,2026-06-24,6520 Professional Services,LeadMesa Studio payment for 2026-06,-9522.35,USD,Sales,HF-VEN-047,LeadMesa Studio,CloudLedger,Field Operations,HF-200
HF-GL-00337,2026-06-27,6530 Security,ChartRiver BI payment for 2026-06,-6589.94,USD,BI,HF-VEN-048,ChartRiver BI,CloudLedger,Energy Platform,HF-201
HF-GL-00338,2026-06-03,6540 Operations,CrateBridge Storage payment for 2026-06,-6805.72,USD,Storage,HF-VEN-049,CrateBridge Storage,CloudLedger,Hardware,HF-202
HF-GL-00339,2026-06-15,6100 Rent,Office and lab rent,-45150,USD,rent,,,CloudLedger,Field Operations,HF-240
HF-GL-00340,2026-06-18,6110 Benefits,Benefits clearing,-73637.5,USD,benefits,,,CloudLedger,Energy Platform,HF-241
HF-GL-00341,2026-06-21,6120 Taxes,Payroll taxes,-41065,USD,taxes,,,CloudLedger,Hardware,HF-242
HF-GL-00342,2026-06-24,6600 Travel,Customer travel,-15910,USD,travel,,,CloudLedger,Finance,HF-243
HF-GL-00343,2026-06-27,6610 Meals,Team meals and meetings,-6665,USD,meals,,,CloudLedger,Security,HF-244
HF-GL-00344,2026-06-03,6620 Equipment,Laptop and device purchases,-26660,USD,equipment,,,CloudLedger,Market Expansion,HF-245
HF-GL-00345,2026-06-06,6630 Fees,Bank and payment fees,-7847.5,USD,fees,,,CloudLedger,Field Operations,HF-246
HF-GL-00346,2026-06-09,6640 Refunds,Customer credit memo,-10320,USD,refunds,,,CloudLedger,Energy Platform,HF-247
HF-GL-00347,2026-06-12,6650 Training,Training and enablement,-5805,USD,training,,,CloudLedger,Hardware,HF-248
HF-GL-00348,2026-06-15,6660 Contractors,Short-term contractor pool,-34185,USD,contractors,,,CloudLedger,Finance,HF-249
HF-GL-00349,2026-06-18,6670 Data,External dataset purchase,-16985,USD,data,,,CloudLedger,Security,HF-250
HF-GL-00350,2026-06-21,6680 Events,Field workshop expense,-18920,USD,events,,,CloudLedger,Market Expansion,HF-251
HF-GL-00351,2026-06-24,6690 FX,Foreign exchange adjustment,-2795,USD,fx,,,CloudLedger,Field Operations,HF-252
HF-GL-00352,2026-06-27,6700 Accrual,Month-end accrual reversal,12040,USD,accrual,,,CloudLedger,Energy Platform,HF-253
HF-GL-00353,2026-06-03,6710 Tax Credit,Research credit receipt,24187.5,USD,tax credit,,,CloudLedger,Hardware,HF-254
HF-GL-00354,2026-06-06,6720 Interest,Bank interest,2042.5,USD,interest,,,CloudLedger,Finance,HF-255
